ply
format ascii 1.0
element vertex 2042
property float x
property float y
property float z
property uchar red
property uchar green
property uchar blue
end_header
-0.7054491931331859 -2.007832584947142 -2.122140525765058 76 75 88
-1.8168931319281212 -4.6809768093018915 -3.072277563484669 24 27 26
-1.8168931319281212 -4.6809768093018915 -3.072277563484669 24 27 26
-1.8576315172541231 -4.935606542539002 -3.1976565648957433 119 119 119
-1.8576315172541231 -4.935606542539002 -3.1976565648957433 119 119 119
-1.917544002185471 -5.26042124231788 -3.3637327649524273 33 33 33
-1.917544002185471 -5.26042124231788 -3.3637327649524273 33 33 33
-0.1514141882775163 -1.6918429221491829 -2.020883589561104 48 53 61
-0.8065934717815085 -1.554656654409722 -1.938438082699877 154 158 171
-0.22034665978164064 -1.5923568382395674 -1.5828866199529632 100 122 138
0.07468093333007081 0.33657592398953934 -0.7275698627391979 65 68 70
-3.0045637027067027 -3.003124404700007 -1.2869188994694618 181 165 161
-3.0045637027067027 -3.003124404700007 -1.2869188994694618 181 165 161
-2.9883922947373347 -3.0713073062743232 -1.257356603008401 215 198 192
-0.9303086242606007 -0.5594590762991144 -0.8229319912330765 212 194 188
-2.9681030865037474 -3.052890306019754 -1.2385226549487127 93 78 73
-2.9408210340027785 -3.055631723311567 -1.2240664134980779 74 57 53
-2.9408210340027785 -3.055631723311567 -1.2240664134980779 74 57 53
-0.22971320795547234 -1.833390361360885 -1.776728312841294 107 116 121
-1.0868427739743505 -1.561446074881442 -1.832716268417201 109 118 123
-0.22971320795547234 -1.833390361360885 -1.776728312841294 107 116 121
-1.0868427739743505 -1.561446074881442 -1.832716268417201 109 118 123
-3.0844057092451784 -2.9381167364556293 -1.454012694080015 75 54 45
-3.009593768607509 -3.0368869722830074 -1.2645821675271065 113 93 87
-0.9505750597473764 -0.5700747758927042 -0.8262686575921503 111 90 85
-2.948197923402219 -3.1322250174461446 -1.3398546506973148 136 121 113
-2.9275838606862123 -3.1169099095408455 -1.309640741794106 141 126 119
-2.9195108548345523 -3.0511063747838545 -1.228233503731432 123 103 97
-0.9039527541867224 -0.5422386464364476 -0.8139738381226371 121 100 94
-0.050086792814080065 0.29953408339214405 -0.7400743159642337 180 182 181
-3.035233251510584 -2.946762990976976 -1.4635345576059409 86 60 50
-0.7112104513770109 -2.0080555049674946 -2.1321571980817913 203 206 228
-1.3163223819552547 -2.0771542442232973 -1.8185734260086592 20 63 132
-0.6732991159564258 -1.890854196026305 -2.049269272065762 221 220 224
-2.9714738509319223 -3.1063451885492674 -1.3174074491850063 131 112 105
-2.9695829555886157 -3.0696269469259407 -1.2175998662111758 121 102 98
-0.9150184775881779 -0.5461053882624327 -0.80720863360349 118 99 96
-0.33108752412346776 -1.7826102944017683 -2.0031854728048235 60 65 76
-0.149776284113647 -1.6611601410131018 -2.021654987632832 42 46 56
-0.1435479431170375 -1.6836213138763838 -2.020859363452431 143 146 158
-0.10985870047265861 -1.6108293105717182 -1.902545934037679 47 49 68
-0.22853759597251164 -1.8267366119999373 -1.7828025419048024 151 159 164
-0.27788617214543243 -1.9356762755232604 -1.7628076584730876 145 155 159
-0.19224430287280592 -1.6343000151911162 -1.6331849962429559 34 41 45
-2.5430930429860887 -3.52152162721365 -0.24888888082595595 81 68 59
-2.573241493476709 -3.4425734696462094 -0.18517270266622085 84 72 63
-3.1022995478323065 -2.9553589136690124 -1.4817270672498057 224 210 201
-1.4606637074020112 -2.1197638792617606 -1.746174123734666 24 54 121
-0.9631124756968417 -0.5764696048815663 -0.8269640621820044 82 68 67
-0.372309267736852 -1.824581982515954 -1.9709935600606971 93 99 109
-1.0509621578225383 -1.4117885151202954 -2.0019995150752683 96 100 111
-0.4182853993146932 -1.8541739524760796 -1.9489015464074426 84 89 99
-0.2940470357608677 -1.7812391962814142 -1.980146423192081 84 89 99
-0.9800415707871621 -1.4526178464566044 -1.9954393101208883 89 94 105
-0.29316931591188394 -1.7964220325495686 -1.8482720344047148 25 33 39
-0.2966801884438595 -1.8059103339575135 -1.8384603502676813 123 133 137
-0.21224964372298866 -1.837146178480752 -1.7766421614734043 79 88 93
-0.5163204181372452 -2.1640259632594105 -1.2355399205791249 78 76 71
-1.4311150347471417 -2.0742827501121175 -1.749605529584449 58 99 172
-0.19916755947248715 -1.6034566055391113 -2.139486404917244 159 163 179
-3.0236025572044407 -3.0150774840031795 -1.3769223532546515 162 137 122
-3.0236025572044407 -3.0150774840031795 -1.3769223532546515 162 137 122
-0.16780155677319147 -1.6226517839278092 -2.077650753226545 170 174 195
-1.0088956672813143 -1.4081910255555312 -2.0595007102468124 55 61 71
-1.0088956672813143 -1.4081910255555312 -2.0595007102468124 55 61 71
-0.9300297330792916 -0.5542808981237916 -0.8069207468023609 85 66 64
-0.11133826241963707 -1.6056681829613235 -1.8809429240363835 45 49 62
0.3751637855135028 0.10432953623389234 -0.7714354661410708 110 108 106
0.0809017752366881 0.3283730865925824 -0.7162090040490692 135 139 143
-2.621193487712478 -3.3993664767805107 -0.23615881551280507 108 100 99
-2.559480372532378 -3.4995025244931695 -0.23509701759813814 86 74 65
-2.559480372532378 -3.4995025244931695 -0.23509701759813814 86 74 65
-2.6000192759141796 -3.388165932592723 -0.13810803119968837 94 81 71
0.07250369724332129 -2.1513783483392843 -1.242949235465412 67 65 61
-0.5009266857036946 -2.1540612209782846 -1.269172998344262 51 49 46
-1.1679668399853487 -2.234827943081647 -2.17723155659341 161 165 177
-0.3324853774331403 -1.764711641603269 -2.04239877366138 52 58 68
-0.9743603964161163 -1.4261506027434308 -2.0645229786464707 54 60 69
-2.5761033890005463 -3.563662259814162 -0.39265733952965937 125 122 124
-2.570235345291393 -3.4641052942230477 -0.21340550955558146 88 77 68
-2.570235345291393 -3.4641052942230477 -0.21340550955558146 88 77 68
-1.0486819942287362 -2.030931426053712 -2.1062400308112386 168 172 182
-1.206739139667504 -2.2820073302723958 -2.1435335166589073 112 110 121
-2.9864165707539336 -3.0066947856715847 -1.2503890916793756 98 78 74
-1.0644059984026175 -1.4151716057645582 -2.014651536432354 88 92 103
-0.8230580963177109 -1.220242105354689 0.055201793943289626 166 151 141
-0.494052299511662 -2.1870113177129484 -1.2131214839279314 48 45 39
-1.1108312669021216 -0.6835786405753941 -0.9319274215044978 100 66 58
-0.3579606870074873 -1.7403429156752945 -1.9431260132740389 77 82 93
-1.4739777859316423 -2.182095865839814 -1.9448778847422792 127 104 102
-2.9189831789117076 -3.0804406609583532 -1.1674092693232692 59 36 31
-0.8812027436118592 -0.5202953663779405 -0.7885228420932242 59 37 32
-0.12036143189745827 -0.32777796772280343 -1.115541338815918 143 161 168
-3.0932815714265685 -2.9638550049609402 -1.484210833659355 181 162 154
-0.6513895000094072 -1.9049781056927342 -2.0082519277759623 56 74 92
-2.9628705552040278 -3.059236708754195 -1.2546801793550622 107 90 84
-0.6538443912112104 -2.06100730496195 -2.028231128987644 101 104 122
-0.10538153133680071 0.3569562576105815 -0.8300479421303758 137 135 131
-0.09966635254722922 0.35518715512104565 -0.8257019961124916 98 96 91
-0.25647169321381896 -1.553121553912012 -1.5359016948960502 113 136 153
-0.2178351216966129 -1.5907298547947226 -1.5719147872792385 63 79 90
-3.0792016101634094 -2.9489893233306796 -1.4717583672307375 140 123 116
-3.0679396067581792 -2.9552437008648216 -1.457928608460698 154 135 127
-0.7054491931331862 -2.0078325849471437 -2.122140525765059 76 75 88
-0.11514396703178867 0.35660467461731177 -0.8398451386692025 64 64 63
-0.10351489060259776 0.35842609034020073 -0.8302312329009366 127 126 121
-0.10418464261003912 0.357243041461987 -0.8294816640700787 109 107 101
-1.2228621234038528 -2.3033259469817944 -1.4410281250255335 166 173 188
-0.19653789975411926 -1.834480469972431 -1.761838774479406 110 117 122
-1.0745023946979237 -1.587130200172369 -1.8106260426790561 120 128 133
-1.2849673013087741 -2.4437392477532263 -1.2868955116941458 125 117 52
-3.084002839750194 -2.957565931579746 -1.4623484800020128 206 187 178
-0.09483371602403551 0.3697949809158717 -0.8510234840493559 65 66 65
-0.6948217600009807 -2.02427900969303 -2.101420678250236 116 122 133
-0.14671180941624282 0.51805625073631 -0.7115295994436053 168 193 221
-0.10876912308168976 0.3571595101672657 -0.8327305407238016 122 121 119
0.3890314640320975 0.12581751234234578 -0.8088147142432954 108 105 101
-0.0947637580924797 0.35260630712772395 -0.8273915312043258 120 118 115
-1.5560168339708629 -2.310204084912913 -1.4554796309766713 94 68 59
-1.4541782095031681 -2.1028733940082818 -1.3952410199090535 93 67 59
-0.26151346187023666 -1.8005462166116415 -1.8555927024810646 108 115 119
-0.08544597607734586 0.3421556223208066 -0.8116744630672788 58 58 56
-0.24933848798240538 -1.8417986703775542 -1.7815462828546358 84 94 99
-0.07785524937330277 0.33631070177217204 -0.8030414848968611 100 101 100
-0.2743371755859388 -1.9333662300614016 -1.785758991624126 141 152 158
-0.07852460267861977 0.3345935176972485 -0.7983911234361976 151 154 154
-0.9550634213090512 -2.115184442345483 -1.3840634061214554 85 116 152
-1.2629983474291215 -2.403427440473824 -1.3199180846342082 68 69 82
-0.4496424945162116 0.18158149314138647 -0.6465254580492815 72 72 86
-1.2629983474291215 -2.403427440473824 -1.3199180846342082 68 69 82
-0.4496424945162116 0.18158149314138647 -0.6465254580492815 72 72 86
-0.15547602070747898 -1.644515246248633 -1.6353283520214057 169 177 180
-0.9598274818118001 -2.324028894564183 -1.4383256167360645 94 119 148
-1.0276872329462399 -2.4368379475344617 -1.4395337417553402 95 116 140
-0.07602048650770395 0.3223298502583448 -0.7855857037027666 59 59 56
-0.06804148521387227 0.32496895475287957 -0.7859506729239719 71 68 66
-0.07232083176464735 -1.4683557897004647 -1.355269555302944 64 66 66
-2.1202888811268825 -4.120212462789339 -0.9881692773954818 146 133 124
-0.0435427579274406 0.31366953467097414 -0.7564857524462206 57 61 59
-0.053169654494231534 0.2991388490966034 -0.7402511601557775 79 77 76
-0.7752875968607387 -2.9872987128730824 -1.1909315123441624 82 85 89
-1.1322486827687348 -2.6870639589144267 -0.8359052660870833 81 56 42
0.407649984927405 0.04332723078219201 -0.6790317377648859 58 59 57
0.407649984927405 0.04332723078219201 -0.6790317377648859 58 59 57
0.4202469585696619 0.03812204710478906 -0.6758599852393646 80 81 80
0.42478076682105886 0.03500991164572425 -0.6714335682660091 84 89 91
0.5381207323794381 -0.05952414186750699 -0.5848250571262357 88 91 94
0.4328416123738704 0.03360269545568706 -0.6705539141896761 88 91 94
-1.1350187950114512 -2.144378246380434 -0.28725740145644413 121 107 98
1.6029394442839686 -1.44541304722461 -1.601145823549577 65 60 53
-0.2958817090180921 -1.6567137286380569 -0.5279128035534524 127 116 109
0.3416641950380368 -1.96975544170665 -2.5776932361210703 104 108 115
0.2168860749577634 -1.8798637384624306 -2.610968756041621 140 146 155
-3.0642789062934397 -2.9509324887315405 -1.46933291960213 221 202 192
-0.09148505583552284 0.3879432597585421 -0.8678743178405802 36 38 40
0.3916828359418923 0.1455472110888414 -0.8506734363913814 183 184 185
0.3906823415968976 0.1457065925654881 -0.8493590356596354 70 69 70
-1.432072647416207 -2.0602753365622295 -1.771025304856099 31 70 143
-1.4649320933379315 -2.1215071627327986 -1.7973079159354908 32 70 143
-0.12199295821032188 0.36413919399236383 -0.8536289183603825 114 113 111
0.3949293598252782 0.1384962335520305 -0.8452203883221995 113 113 109
0.2197220224968658 -4.205920278796709 -3.596492156605388 113 113 110
0.39693578799172347 0.13375694566671972 -0.8415030876151244 36 44 52
-3.002113544983591 -3.037383889925272 -1.3412368978795406 170 148 140
-3.002113544983591 -3.037383889925272 -1.3412368978795406 170 148 140
-0.11641686081596288 0.3589105417453666 -0.8452144154951692 120 119 118
-1.45109999001914 -2.2046443322856164 -1.7110613897276599 45 77 141
-0.10607244834321786 0.36130942191906945 -0.8444821996863708 122 123 122
-0.10911388989964986 0.36316170376294 -0.836703583752787 125 124 121
-0.6403151138413867 -1.9169020483494164 -1.9865393102529731 249 205 231
-1.3340912464935364 -2.1191695635611723 -1.6406114240083491 52 87 151
-0.10169506820686586 0.3586402089101064 -0.830999959476853 109 108 104
-0.9965238373408335 -1.4284646662636191 -2.026222737349017 58 63 74
-0.606202842567864 -1.9523506560783683 -1.9104837774447292 39 46 61
-0.09462499290477176 0.3477005430258763 -0.8150449363991384 49 50 45
-0.09382248619709677 0.3472803934759625 -0.8136003961091843 119 119 115
-0.0873668903305404 0.34601573450445783 -0.8163665535693684 47 47 46
-1.236801616553526 -2.616293115180747 -1.7135686134097494 106 113 133
-0.2801418652041454 -1.8042917025486234 -1.8460180834081876 91 98 103
-1.407918490853487 -2.3707033964269297 -1.4466787661224825 163 164 172
-1.407918490853487 -2.3707033964269297 -1.4466787661224825 163 164 172
-1.393622138181178 -2.3696157677479808 -1.4425255804565449 120 135 156
-0.5106971760069574 0.12510563622669552 -0.7011798829736234 120 136 157
-0.265016079025478 -1.8035284801556448 -1.821449045761467 109 117 122
-0.07613491597980453 0.3457456591866871 -0.8129720567698855 84 85 82
-1.3687678050335919 -2.3811251008051517 -1.4076844527310537 122 133 151
-0.26207305688680965 -1.9221465745963142 -1.7843236176511938 28 35 43
-0.07058604369893277 0.3380311086390116 -0.8002242057256113 38 40 39
-0.26643021677607737 -1.8924467573214943 -1.7395184375099102 45 54 59
-1.1186646551208037 -2.3519167251794117 -1.3413342060303532 143 149 161
-0.06615642569515995 0.32519774144689567 -0.7867320469595641 33 30 29
-0.060829933666030754 0.31215202069537973 -0.764795161397939 168 171 172
-0.06490890584840209 0.31021754012106767 -0.761501833202652 111 110 107
-0.032888914513911106 0.3261019867472308 -0.767377740609832 52 52 51
-0.03256083419229597 0.32383374840517637 -0.7631310291474459 89 82 80
-0.030821462559418533 0.32274556991757747 -0.762345704554631 111 107 103
-0.11243550688511258 -1.4475316616912905 -1.2162399310254288 16 19 18
-0.05490625165524575 0.2996804606628914 -0.7403027302191313 98 97 95
-2.091347953367236 -3.9582930929002833 -0.7594121959243972 59 41 29
-0.02225322232784597 0.316055753226058 -0.7498306963725915 119 119 114
-0.6031668546162553 -2.7354522388922504 -1.065741650388179 59 54 47
-0.014322845234855242 -2.201632713353621 -1.229833030495048 99 97 94
-1.0681632518947985 -2.762114850077619 -0.6994270617814197 70 54 40
-0.4000364620631213 -2.6306398968856692 -1.0488175920288203 78 76 73
0.02922306066451128 -2.195717331946328 -1.2054963248912467 77 73 67
0.4379414721798012 0.03522055236239473 -0.6768701136900293 45 46 44
0.7421906275338738 -1.406588749558541 -1.231941439472834 78 79 79
0.42696647656797226 0.03558025910171972 -0.6736180572480943 73 74 75
0.6968195518678719 -1.3183804060509239 -1.1918146582516023 71 75 76
0.036283444902572966 0.3215422891444967 -0.7298898710236768 130 134 134
-0.37566312402383933 -2.363632168714003 -0.9075053480867648 169 169 170
-0.09834939101259875 -1.9381882147902607 -0.9463851947898724 21 18 14
-1.1468020072693432 -2.1566119270664443 -0.29198280315829084 186 172 164
-1.0378282741568057 -1.8835830564674274 -0.3105004852820232 123 108 99
0.1779453669010425 -1.578273146989957 -0.8932576719121269 104 96 87
-0.8124242262251363 -1.4110165402024977 -0.8195305041907381 91 85 76
-1.3155434643934263 -1.7927920189930446 0.02551331975231756 138 125 116
0.06094274064327248 0.22389916961802336 -0.5947858514864478 12 17 16
0.371179621241182 -0.026262813031384353 -0.5320488498158515 62 65 64
0.3719614924080564 -1.94463742854572 -2.619880107235869 111 104 98
0.653721854859986 -1.9496740225490874 -2.389982607269409 112 106 101
0.3125190090747482 -1.8993318312263734 -2.635627250112509 79 74 67
0.9682019609658172 -1.0774899440035082 -2.9281372833535992 84 78 72
0.349020094674506 -1.936400978369525 -2.6145565365042427 134 125 115
0.3789498564463551 -1.9732802969812528 -2.5960246182931437 109 100 90
0.36976889392208057 -1.9794597363966104 -2.578930237386957 106 100 98
0.5432843690507615 0.11017392510599894 -0.8445909816530753 23 27 28
-0.1317045051767584 0.3711722404497682 -0.8627331714333045 25 30 32
-1.130403429790493 -2.1615808052632435 -2.1167355972687725 93 93 102
-0.08918587660474271 0.387673633845666 -0.865145505719839 40 44 46
-1.3969845167751607 -2.1305801388449304 -1.8914399607257761 145 132 137
-1.320248322903616 -2.0760669178355267 -1.8377333281638388 53 94 165
-1.4679610245208006 -2.2039263414630477 -1.7148730088247843 23 50 112
-2.9282076382957087 -3.1177305530572097 -1.309822730005645 144 129 122
-0.10352820243618371 0.3581277077729224 -0.8397607117678274 145 144 141
-0.1088842354730227 0.3561435143004879 -0.8372145269378298 126 125 121
-2.9382364755220873 -3.101254601686894 -1.286320777715871 154 138 131
-1.6103745480275713 -2.2792885720041745 -1.5016567697877354 153 141 144
-0.6039615836150122 -1.9430610881328754 -1.921968339477926 228 234 249
-0.6318647198102878 -2.0854411288366417 -1.989796423480384 227 234 249
-0.4173132827691809 -1.978586058205258 -2.0307824181313325 90 94 105
-1.5810609839112677 -2.312748428686402 -1.4600659246298833 158 146 148
-0.047621708358666505 0.3752791136635155 -0.8339859941113414 76 84 84
0.443277872336472 0.10327925251909524 -0.7995388565710481 71 76 76
-0.09634653704556881 0.34984020387270454 -0.8172766776168908 63 62 57
-0.09306681812621578 0.3478690965206132 -0.8165526946049155 93 91 88
-1.5317219111351197 -2.339275399943214 -1.4006931859822442 70 51 48
-1.0587222937218992 -2.334826576815593 -1.6430769659990698 179 184 194
-0.2406172523569301 -1.7525236315964838 -1.8401393817301022 122 131 135
-1.0173783256299735 -1.5064016672714693 -1.8930590977716666 120 131 134
-1.1481284706035282 -2.1851393592995585 -1.4709245595521585 168 183 200
-0.08020562496757969 0.34021078703797947 -0.80969155639243 100 100 97
-0.07660814712737166 0.33628520868617956 -0.8042671778812827 110 111 109
-1.0765662561971596 -1.5734695718492113 -1.825518428298153 81 90 95
-1.0443398042044536 -2.4223404044684544 -1.448839356015394 139 158 182
-0.07334828026406859 0.3265161841801147 -0.7875317072353809 109 107 105
0.37824732903291136 0.0962770939197825 -0.7649943940052263 113 110 109
-0.9503280998867497 -2.827701017339287 -1.4878976902286307 110 114 122
-0.05808521848716285 0.31423112250169954 -0.7647835038536882 140 141 140
0.37246001064218026 0.08209967941159647 -0.7361201417311574 101 100 98
-0.8435995975377393 -2.7428104310974426 -1.3401965158254623 93 95 100
-0.052746311036232695 0.31250949683362106 -0.7605277628524937 84 84 83
-0.0540750192558267 0.3091038694377044 -0.7529205244393788 143 147 148
-0.04211652064352081 0.31053779352235045 -0.7520517912109697 100 101 97
-2.0673422029622692 -4.084025864726202 -0.8718776841499867 117 99 85
-0.041040824318529484 0.3110615846854073 -0.7501900734827427 159 162 154
-0.7878277616398052 -2.853105954522064 -1.2440185126606857 89 92 96
-0.03826156100277879 0.31198166690130885 -0.7503679287537502 158 168 155
-0.7485111959152674 -2.7389186453196555 -1.2031900586216473 87 90 93
-0.04923352486513301 0.29927905755609435 -0.743370834332579 88 80 81
-0.04610839560419573 0.3037422207896442 -0.7422520226171091 79 66 69
-0.028675656630026303 0.31494656232472124 -0.7490109684661018 120 139 154
-0.047964842999282865 -1.504294864688016 -1.2285057910987904 49 51 49
-0.03445003495874183 -1.5288957008287876 -1.2141314232700189 107 105 106
-2.552001602107232 -3.512913760582133 -0.26672816546096445 114 103 95
0.2586930399850518 -0.29105400270684595 -1.057660602049434 26 29 28
0.035120866669136955 0.36204911421292013 -0.7616981395294894 65 68 68
-2.6283847824714806 -3.2878832898398196 -0.061495542194578985 91 79 69
0.5296093367665955 -0.34810573301734915 -0.8310269240485669 14 15 14
0.5153635017055661 -0.022549848083620594 -0.6100960159853176 57 58 55
0.013395617675107004 -2.184511760132931 -1.222727418984811 99 97 93
-0.7246378156069544 -2.6398673180901984 -0.8888869958358259 124 123 126
-0.30913513769911805 -2.473806889630703 -1.0855792526315462 53 51 46
-0.341707685577624 -2.4687502437505384 -1.0538519745332138 86 83 77
-0.3849951767333753 -2.644448723656754 -1.0623785646469905 80 78 74
0.18635236678744746 -2.1210205049674493 -1.288138699837936 58 58 55
0.41320285802133033 0.041552341150051395 -0.6781547762019686 16 17 16
0.38902196976167813 0.04565865773579658 -0.6765601995295834 70 72 70
0.42071968039343144 0.039352246779148586 -0.6775034210794811 12 12 12
0.5253409529916476 -0.04800116585824939 -0.5900681260984778 70 73 72
0.6699073281206528 -1.2594675453125326 -1.1765071774115812 61 64 62
0.5360587153509393 -0.05629901109465575 -0.5869323425970229 75 76 76
-0.42351076117549785 -2.3917189938886456 -0.8992823443950948 119 113 106
0.11412729404089435 -1.8082761587088105 -1.0970873770342604 68 64 58
0.5303578712056163 -0.05338486401394958 -0.5834080297155044 51 55 56
-0.03778092931780131 -1.6719678988088003 -0.9109691773693598 69 66 61
1.0972773951072867 -0.9407317280586862 -1.457759598868391 72 72 69
0.10490782729420883 -1.543242770617967 -0.9178848208980396 69 70 68
0.06783568155952646 -1.6198924154579315 -0.8985291497209286 81 76 69
-0.9984137508707451 -1.4843501962136731 -0.8889658734179715 82 78 71
-0.1817249162499881 -1.754027316069189 -0.7675011969438564 56 52 48
-0.17353336900648583 -1.7468047860446756 -0.7558892108676767 67 67 68
1.5878233199108505 -1.4049989339068567 -1.5771693003622005 35 31 25
0.09356124931677416 0.2992222487242038 -0.663689879606149 43 47 46
0.030987693234586187 0.23071058844734488 -0.6186599031268741 12 14 13
0.030991080825638305 0.23072685536417942 -0.6186699760159481 13 14 14
0.34786272492571074 -0.020154371050908452 -0.5377157554152309 192 194 193
0.4004389521594983 -1.9843636901791173 -2.5873132757989366 167 158 146
0.2944933358538045 -1.959426599028564 -2.5769274936698205 94 102 116
-1.0854073666178743 -2.226586410651256 -2.2426109861828336 127 129 140
-0.08266318338079806 0.39131236098987904 -0.8732470748804126 94 98 101
0.441306290386493 0.13136758172172266 -0.8486101217164812 98 102 105
-0.08266318338079806 0.39131236098987904 -0.8732470748804126 94 98 101
0.441306290386493 0.13136758172172266 -0.8486101217164812 98 102 105
-0.011726255462674447 0.43318065051387683 -0.8846886030721731 65 69 70
-1.3953575529758862 -2.234854345239091 -1.9755332541245496 49 29 27
-1.252327105720464 -1.984821982726473 -1.8157123118366754 53 92 159
-1.252327105720464 -1.984821982726473 -1.8157123118366754 53 92 159
-0.017945169969374456 0.4204224895718828 -0.8767092699243342 46 51 52
-0.01794517046355002 0.42042249051444425 -0.8767092691669003 46 51 52
-0.10619766520650599 0.3576926979793638 -0.8409395870852975 42 42 39
0.5169579127522685 0.09513233322823329 -0.811469249548039 43 47 47
-1.3591401011998674 -2.0395562027502545 -1.5697290155555514 48 63 107
-0.05435048094253197 0.37636660112654785 -0.8403383870761966 62 65 65
-0.5585938805156685 -1.846333826179946 -1.8515048404331236 61 67 77
-0.05521935121760683 0.3755389213093705 -0.8379895528187848 33 38 38
0.5268921071873486 0.08422588388875928 -0.7989695697743816 33 36 35
-0.04534088117483186 0.3773042374357912 -0.837003006365031 89 93 94
0.4469603440505727 0.10271813570375632 -0.8020610647996015 93 98 99
-1.28493525589595 -2.052254169930063 -1.4502588651193564 44 61 104
-0.04257131056996767 0.3777834247722671 -0.8340389130705462 88 93 94
0.44833592767378083 0.10260044018746205 -0.7979777188969446 100 107 108
0.018483931789854125 0.4148382567723903 -0.8510489973504295 66 70 71
0.5201272992882192 0.08395148122136142 -0.7929583974342753 76 80 81
-1.3820009052287274 -2.349256629829178 -1.5007889326445283 56 68 102
-0.2545013477207907 -1.7700904347222006 -1.8553690886604584 29 36 42
-1.0248133248728348 -1.5017951751873613 -1.9063086414175758 32 38 44
-1.5057848628094042 -2.3283447018360683 -1.3687006979566725 85 60 53
-0.08080379107526828 0.3456127634878433 -0.8144295307483367 97 99 97
-1.1748127651820695 -2.2575647825457956 -1.51113260312411 115 139 164
-1.1748127651820695 -2.2575647825457956 -1.51113260312411 115 139 164
-1.1209743043501723 -2.1877173084533506 -1.4532639657375628 115 135 156
-1.1209743043501723 -2.1877173084533506 -1.4532639657375628 115 135 156
-1.2367242760159494 -2.3084058662227496 -1.4348364588329159 95 102 121
-1.2367242760159494 -2.3084058662227496 -1.4348364588329159 95 102 121
-0.08316195607376786 0.331824637115672 -0.8025302802266067 36 38 36
-0.08043321825355815 0.33292244400440485 -0.7983938981609875 24 23 23
0.3809387364541233 0.10323862330496907 -0.7775895540018324 26 25 25
-0.07462357463801184 0.33627156461002583 -0.7998337521442879 9 9 9
-0.20669133145979793 -1.659671815252601 -1.6339707537762769 175 192 202
-0.06499499731424888 0.33483868004245104 -0.7938899660055423 111 112 111
-0.2407379750710633 -1.3830566984741277 -1.436201182216641 165 168 172
-0.24347286778998162 -1.3868721276342972 -1.4223400338774144 9 13 14
-0.07417957990389625 0.3238777084489474 -0.785616127415269 35 35 33
0.381134215217767 0.09345828695810764 -0.7570597311369391 25 24 24
-0.062026793048393064 0.32816776053190727 -0.7836823445634014 23 25 24
-0.20966223405453743 -1.4054330542979843 -1.3740187062472176 32 38 38
0.39609035026083156 0.08407829852987397 -0.7496663291912319 104 105 103
-0.043937010586141335 0.3292884617662081 -0.7784238695023606 99 97 95
-0.06265369055945287 0.3127005048670147 -0.7667511669622149 11 16 20
-0.8282579056488962 -2.5684976119838616 -1.3410263264962201 102 105 112
-0.07447627083953338 -1.4749224172392539 -1.3692470128618182 25 26 27
0.3867793432129355 0.07792753452798014 -0.7340925848625222 54 53 51
-0.05435629091964781 0.3107079480388337 -0.7550500686073323 12 13 13
-2.578059747188519 -3.526761749927411 -0.4516701516448457 138 133 136
-0.06323733591056084 0.3035245551028114 -0.7452691617394791 45 49 50
-0.048682829510956475 0.3057525833390305 -0.7457011187832496 30 17 21
-0.03921454570728527 0.310750981748139 -0.7482784990484559 14 17 15
-0.030075083758833693 0.3161612905675506 -0.7510159737657366 11 18 24
-0.03457904907405684 0.30889100817891774 -0.7466193890494898 79 80 76
-0.01479885897821448 0.322882837880621 -0.7538116112435611 60 64 63
-0.7858152097314359 -2.9673539875968453 -1.183176591846926 20 22 25
-0.10388422979965414 -1.4158878130565635 -1.1569307883117514 10 12 10
0.08879006575483767 -2.047681782579649 -1.3979558536271943 90 89 88
1.591230602271606 -1.4354325096262097 -2.1078546757984586 19 19 20
-1.128434764940853 -2.703400377332726 -0.822247951169198 56 32 19
0.5088516137980801 -0.015804554472555656 -0.6126471339678883 58 59 56
-0.027996898025589245 0.2984701940460967 -0.7310616702814373 11 11 10
0.37417064380736514 0.05955315939024118 -0.6954782401515563 12 12 12
0.11004141515136515 -2.0221841331626367 -1.3348900420315954 37 36 36
0.51128987093643 -0.019922697220193287 -0.6098845051266476 12 12 12
-0.01724139858575213 0.3031126367989886 -0.7325543168853774 9 9 9
0.42385061523145195 0.045904030521730574 -0.6897448735261675 20 21 20
-0.4214101558953957 -2.632926492690856 -1.0833664434711119 99 96 92
-0.004704150510421557 -2.1838818862670024 -1.2105775843407587 41 39 35
0.03974579395552681 -2.214800528642718 -1.2391079000137908 85 83 78
-1.0945449578518183 -2.7614669694527123 -0.6893148178368504 86 67 54
0.0029639325751215934 -2.23008755460358 -1.207171868070461 88 83 80
0.16274877132806997 -2.119056436608402 -1.2763521865792866 56 55 51
0.40603175735408165 0.044602124791472825 -0.6813266840119289 54 55 53
0.40170838285403593 0.04527761802451844 -0.6806081903096554 25 26 25
-0.010699162508341924 0.2938600407348116 -0.7204846028032577 145 146 143
-0.3569327785272511 -2.138446988671766 -0.9676612810120179 23 21 19
-1.4528384793307692 -1.348318004527136 -1.0570763447163156 27 25 22
0.027197122906954432 0.3206671626178025 -0.734405561209672 51 53 50
0.4287689575315923 0.03877845187517709 -0.6794462428956709 50 53 51
0.8058058154725449 -1.527119181303554 -1.2883094627671186 11 11 11
0.8748062452541047 -1.6743106712166487 -1.3342464462582149 6 6 6
-0.0569679688115563 -1.766745799644005 -1.0285699510672819 96 93 87
0.5337663336719877 -0.05603610133871777 -0.5856743589076754 146 151 155
-0.1505992143553525 -1.8749636737460662 -0.9467344567904262 42 44 42
-1.3846281024048313 -2.4942949622586097 -0.33689131518405885 122 105 92
0.11378472376907488 -1.7812358272514974 -1.0366288207775762 39 40 39
0.11378472376907488 -1.7812358272514974 -1.0366288207775762 39 40 39
-0.9885398062782613 -1.5715541691761845 -0.9888321564106717 39 41 38
0.14861320628170643 -1.7891420740506638 -1.0410731582298558 79 75 68
-0.31653929578032286 -2.02919391193378 -0.8061812997639775 122 118 112
1.0727314341171705 -1.0226419773924265 -1.458799928131116 82 81 78
-0.2808035637123668 -1.9165701196462228 -0.7763148056210529 101 94 86
0.07639226597305986 0.33755906516126843 -0.7283366283434344 71 75 78
-0.33475941070616444 -2.045044882498271 -0.7330983608677192 125 115 104
0.12009754290033432 -1.5337769755169892 -0.9127276137952124 34 33 30
0.1323302327100794 -1.5477350169730268 -0.9238521242562028 112 103 93
0.10760071716516596 -1.5114873470445276 -0.861947581237774 97 89 79
0.11546855042614314 -1.585673128502881 -0.8610439836287788 79 70 60
-0.8822292643267776 -1.3920032771870168 -0.815568554105602 76 67 56
-0.10668737353612824 -1.7540827470214344 -0.7459188652108526 115 103 93
-0.09700014393877258 -1.5793714534089418 -0.7180402676995752 111 100 89
-0.34104698576429093 -1.6767039447641063 -0.5156973147484158 119 106 96
1.51915290973975 -1.2007919291888436 -1.404197545484974 155 152 151
-0.18739389404201812 -0.9015189352601967 -0.1973760818147515 128 114 103
0.38907071234516255 -1.959975173057425 -2.5953163857836494 165 156 147
0.329573217416443 -1.9283624493829354 -2.6080510126149488 128 119 109
0.294754437727153 -1.9056369625224372 -2.617763772493158 134 126 118
0.3340981505485007 -1.9462442510987483 -2.5937440489842216 101 93 86
0.3905808841981016 -1.9961418332248846 -2.5807502737014167 101 92 85
0.2930830965948918 -1.9164894855180252 -2.603455545422674 87 81 76
-0.00972746715128912 0.4377748499053944 -0.8913608692142312 88 92 94
-0.00972746715128912 0.4377748499053944 -0.8913608692142312 88 92 94
-1.4190131623022932 -2.064960285773976 -1.9195941468353737 150 129 127
-0.017502858250235585 0.41899459685270085 -0.8728741977804045 31 34 35
0.41058829031059874 0.12904393933865477 -0.8371220428732987 134 136 137
-0.09153580005674011 0.3703519190538533 -0.8502650840659702 107 108 108
0.5065275788613737 0.09869098912218258 -0.8121144816362204 44 48 49
-0.4468544433171865 -1.826061959281657 -2.010158432230115 58 63 74
-1.4253996356635246 -2.2945185168252715 -1.5912746280635834 48 66 115
-0.5544753966296966 0.06495228603853287 -0.7776585088088485 47 66 115
0.018061280580610913 0.41941098595525406 -0.8591856943026579 63 68 68
0.5250408175201209 0.0854062509074481 -0.8008715799965741 69 72 72
-0.04071039971079456 0.385452569545954 -0.8417967595575568 13 15 14
0.4569607926679405 0.1036358731093899 -0.8051980339826807 10 12 12
-0.05543834157331201 0.37240382009213197 -0.8369817246932489 98 104 105
0.4365572986270018 0.11019754905695425 -0.8033785990940148 99 105 105
-0.05543834157331201 0.37240382009213197 -0.8369817246932489 98 104 105
0.4365572986270018 0.11019754905695425 -0.8033785990940148 99 105 105
-1.5502658048632474 -2.3167020559153255 -1.4389568162186452 60 40 35
-0.05286220834227755 0.3703793312151985 -0.8294464159932795 13 16 16
-0.05286220794090198 0.3703793303753659 -0.8294464163482351 13 16 16
0.3825705028192487 0.1136464002068102 -0.7940276316019458 115 114 112
-0.26794420743363123 -1.7658829379742773 -1.8219846035571772 92 99 104
-1.0595733217020311 -2.261278524241808 -1.495771485303091 146 153 164
-0.042927083129924264 0.3601669186960202 -0.8134682906584562 11 14 14
-0.07779694711795927 0.334627461632952 -0.8004281809724153 180 183 183
-0.07779694711795927 0.334627461632952 -0.8004281809724153 180 183 183
0.5385691544229844 0.03383188429259608 -0.6838452156375948 175 177 177
0.3845356459268692 0.10268311958402503 -0.7786280570226922 178 180 180
-0.08406272899418604 0.33101587058592563 -0.797379522381089 11 11 11
-1.2576223304816492 -2.319056370069279 -1.2751571675635778 174 170 173
0.6668820381876469 -0.4059986326877991 -1.5540062068017473 152 158 162
-0.05707908892172109 0.33272323330870757 -0.7870348385311614 55 55 54
-0.02841695794615284 0.3482869952654168 -0.7881807599271027 16 20 18
-0.15178861903813634 -1.4169667901833953 -1.3770042628175008 72 77 79
-0.005728607739659656 0.3536750081852579 -0.7849800819402442 18 20 19
0.3961353210423614 0.076177038891286 -0.7343925819447533 112 112 109
-0.014207934338309055 0.34039179475170533 -0.7767801626105844 88 91 91
-0.053255705681618734 0.3137654571311402 -0.7626101796792423 81 80 78
-0.03405631817825872 0.3252212387676042 -0.7674397796188022 78 76 74
-0.03405631817825872 0.3252212387676042 -0.7674397796188022 78 76 74
-2.0954059501520352 -4.064843376991433 -0.9209072867294426 128 108 95
-0.05184429557989711 0.3084251118357707 -0.7506707118054269 90 86 86
-2.0582723885685903 -3.9627303993555656 -0.7773881914327871 117 98 86
-0.040441879477836645 0.30549590349371786 -0.742429134663801 191 194 196
-0.020925544338539798 0.31747788064925353 -0.7477294119882625 188 189 189
-0.06584094102498121 -1.4872387461243148 -1.0976777510562499 78 77 75
-1.1313140480173103 -2.7835271872942666 -0.6982652358456224 129 113 101
-0.4194360403992326 -2.571276368233442 -1.0522913869956032 51 49 46
0.44405274660921334 0.0347165102935418 -0.6783125589881589 45 47 45
0.01952076820971944 0.3101823172344002 -0.7243148867948497 134 141 145
0.01952076820971944 0.3101823172344002 -0.7243148867948497 134 141 145
-0.003867037056583038 0.28702195897409766 -0.7046642544499752 12 13 12
-0.009801741329575288 0.28027323084133 -0.7002248827204323 10 11 9
0.3658628449619713 0.04233121985723957 -0.6596402613002234 15 17 16
-0.00443144332085221 -1.6389746676689017 -0.961794354318134 87 83 78
-0.3141326914619687 -2.036740582514169 -0.806636623627563 120 115 108
-1.07928624638354 -2.2323272625908137 -0.3922921644068091 155 138 126
-0.2537255506808446 -2.1345356437317347 -0.8286689500007851 84 76 67
0.014827844543489184 -1.6641034415708134 -0.9028164164090039 80 74 66
-1.0542772321755973 -1.4600496922871462 -0.9096384315384958 80 73 66
-0.0004123147692916721 0.274242434751712 -0.6874321543539077 15 17 17
0.08969460927210733 -1.5027839069101343 -0.882226822633136 86 81 73
0.13559919443662075 -1.5415036522023442 -0.89413125985291 60 62 60
0.16733202615945206 -1.486677494274923 -0.9018260614382514 126 116 104
0.09533468973661491 -1.6134434367699233 -0.8619459749356816 78 69 58
-0.9091122917594343 -1.3865968055233289 -0.8226076987498331 78 68 57
-0.17403597149629532 -1.7961279162749069 -0.7026175641352359 122 112 102
1.5545786392356726 -1.1755071724871484 -1.400052125983211 59 50 43
0.0979591503855534 0.3020254424545164 -0.669614736976785 19 21 20
0.04278294270105159 0.24605419410190746 -0.6247988423615168 62 66 64
0.051182688247331645 0.2518571562884972 -0.6257838224087855 53 58 57
0.36667535158457687 -0.01761101152504133 -0.5424293782140516 27 32 31
0.143150677399907 0.29724196151387133 -0.6455094134361407 69 72 71
0.143150677399907 0.29724196151387133 -0.6455094134361407 69 72 71
-0.1744608749414176 -0.9122580941315511 -0.2292077655234205 131 118 106
-0.5452818675098887 -1.0094700458210109 0.007529906933098669 167 152 143
0.6588449994138691 -1.978462115972373 -2.3332985808662965 173 177 186
0.2675664127394121 -1.9199939860546786 -2.5961628101657364 162 169 177
-1.451111174021087 -2.06676625026988 -1.894723491470882 134 106 102
-1.451111174021087 -2.06676625026988 -1.894723491470882 134 106 102
-1.4265784664906571 -2.072444567749431 -1.7957859644964895 64 96 158
-0.02167072509201173 0.42092462654801766 -0.8782039207788697 19 23 23
-0.015147604738680445 0.4225257821296121 -0.8776225883825293 9 11 12
-0.0681600020606914 0.3766278532672099 -0.8500041218678358 15 18 18
-0.06567541835894233 0.37636397298953017 -0.845410448791574 78 84 84
0.4348572926998957 0.11421573520041739 -0.8171826254473148 101 106 107
-0.03905895864706634 0.3907055611073492 -0.846997255535869 9 13 10
-0.02109218250481856 0.40131096866149063 -0.8516437120412081 5 11 11
-0.012267459135311149 0.40661325337675386 -0.8539076977772867 9 10 10
-0.04700922790061832 0.3777802554828699 -0.8400910092634445 11 13 13
0.4465768144269355 0.10330298292387212 -0.8055979327076757 9 10 10
0.012949878344581988 0.4146353372939295 -0.8554409041241026 13 14 14
-0.007028893631698061 0.4014692162547059 -0.8463616950046265 10 11 12
-0.044821436432044205 0.37549404105364664 -0.8314520263791093 13 15 15
0.44455746956645464 0.10189270052412971 -0.7968952957548724 15 16 16
-0.03591991198673848 0.3807699427647761 -0.833918966238095 11 13 13
0.45484964000708394 0.09849335752968937 -0.7963267761674723 9 10 10
-0.026925422653406667 0.3862061005378933 -0.8366767669207973 12 13 13
0.017293656037013803 0.41229384169176136 -0.8487091857469106 14 16 16
0.5170955343298005 0.08382322007427931 -0.7906267009204099 10 11 11
-0.0288640242466059 0.3814700306151822 -0.8313693671090834 11 13 13
-0.04675116255650039 0.3711642826086426 -0.8256871653888219 14 16 17
0.015401117175164087 0.40823929880462867 -0.8424717624337487 9 10 10
-0.04799766387841725 0.3655762538192397 -0.8212008964477876 10 13 13
-0.04128817247966992 0.36588947841886676 -0.8177798523842102 14 16 15
0.02926179171583033 0.40880986813812675 -0.8367114189821971 8 10 11
-0.026091865454180886 0.3722596139893812 -0.8172609916234491 12 15 15
-0.22457483810260384 -1.8381856466392321 -1.7588139256831272 136 144 149
-1.0113432147061274 -2.339264517253816 -1.4730992105980203 146 162 182
-0.07173148482208631 0.334588464494972 -0.796051297805797 105 105 103
0.5393841454407348 0.029997394567310588 -0.6775816162010518 105 104 102
0.3876760343941669 0.0999574688589438 -0.7718976876479106 107 105 104
-0.26252584678252067 -1.3818108782477168 -1.4670048723055418 157 189 212
-1.007509377826794 -2.4549535029584115 -1.4492392306666217 142 156 172
0.034760508449296054 0.39766728150470665 -0.8210116728869763 40 42 41
-0.8266348713238029 -1.1468031959361613 -1.4815543540134377 148 152 157
-1.1005410133013467 -2.377159957508824 -1.3231077564089126 122 123 133
0.01810000007814043 0.3766072312876093 -0.8068578535699131 17 20 19
0.039720012149243394 0.3927468067762966 -0.8131041770614835 41 43 43
-0.10830674172000923 -1.447642257532419 -1.4590080145724034 69 73 76
-0.1734942932340284 -1.4533002191762645 -1.3935652624014372 7 11 11
-0.13958270130208514 0.255818872117148 -0.7128248678788982 7 11 11
-0.173286882415074 -1.4545466945773675 -1.393921548921127 7 11 11
-0.06669104988403392 0.31693567768325126 -0.7724262223322717 12 14 14
0.37208424482968994 0.08856519542885696 -0.7482951136016744 25 29 30
-0.06029277548221517 0.31738451100858234 -0.770573543218129 107 107 108
-1.1996071634575058 -2.5424399152165855 -1.1325795624994803 161 167 176
-0.9954074388651731 -2.4608869500676374 -1.212599789948644 154 163 175
-0.05191796104471985 0.32094481859509766 -0.7658759664930174 136 139 138
-0.015055604456562408 0.3420154309189061 -0.7798185787196594 18 20 19
-2.141737842943876 -4.068638853937939 -0.9804945997858402 168 158 153
-0.14277763798992021 -1.430662149895159 -1.2876116731734788 28 32 31
-0.01655052716064734 0.32994129464656424 -0.7648797969472648 57 61 60
-0.7091346972250699 -2.4125971387595744 -1.1424706293007847 35 39 43
0.38261205604494036 0.0572727817258429 -0.7019996851161149 32 34 32
-0.031805153531937316 0.3022609395937653 -0.7329435891847625 53 54 53
0.5322148541110338 -0.03156004805750827 -0.6083853737355382 98 100 99
0.38507211443613554 0.055279024084032756 -0.6935445878114719 9 10 10
0.7822339707673396 -0.5054622882917175 -1.360453563217347 24 25 23
-0.980733657913242 -2.724022329860722 -0.786101204629811 160 158 161
-0.6571399036288657 -2.794222171994805 -0.9595311057958116 101 92 83
0.050045112675518144 0.3340589731369101 -0.7395296042377224 49 52 49
0.5262788317514606 -0.04987914557546966 -0.5877349222085827 130 134 137
0.07419227816769196 -1.949802849689861 -1.111329265306329 78 75 68
-0.017217924784129722 0.2765804300168998 -0.6988873720402868 13 16 15
0.35776120442644815 0.0452980596968875 -0.6607442056048869 18 20 18
0.0688626167819856 0.341783641869018 -0.7383397440523992 81 85 88
-0.17429155737840696 -2.0065004024087836 -0.9047162131039248 96 93 86
-1.0248072751146655 -1.1207949405105595 -0.8878717698838876 86 81 74
-0.07228462642231272 -1.8044601132387792 -0.848251786174415 78 69 60
-0.273121419212271 -2.0877616259220706 -0.7542691066824543 107 97 88
-0.299804242372559 -2.034672849307171 -0.7341624507993038 102 92 81
0.08122541292390587 0.3299378999452624 -0.7191242133556353 94 99 102
-0.1379224322718108 -1.6457115558017847 -0.7546701594005515 115 108 100
1.1536394153007363 -0.8359325164152387 -1.3472317356231231 67 64 59
-0.658997380734387 -1.7153249095115437 -0.33771270993087577 129 112 99
-0.6174351705413966 -1.5437881887857412 -0.352400119942403 129 112 99
-0.3155619493539494 -1.6602909152203718 -0.5227443470060141 164 164 170
-0.3351986031060268 -1.608568145747165 -0.4727935086716141 158 144 131
1.5156289047281135 -1.2170687592505414 -1.4038150260196265 61 56 50
0.09733360164342203 0.3042378952637579 -0.6647417068232295 59 62 61
0.044365862708196 0.2410087533476576 -0.6289641995229521 11 13 11
-0.166321776578726 -0.9229393639734966 -0.21843958643125402 164 151 139
-0.5266989515175536 -0.9158629735812749 -0.008018811171454178 166 152 142
-1.231360111739468 -2.1298300239087307 -2.2662308465630683 157 155 159
-0.020084515666391384 0.42610424076546594 -0.8812997350199511 21 25 25
-0.013484584174926172 0.42894013393714486 -0.8809462102123968 21 25 26
0.5169635060905663 0.10771255133431942 -0.8325591939665913 14 18 18
0.41660853121933317 0.13094306662708233 -0.8427488688682264 23 25 23
-0.10508995108514814 0.3660276684251319 -0.8379727074466957 75 75 74
-0.001416388290798526 0.4172746605248944 -0.8619988044667892 12 14 14
-0.04616009624913666 0.3905576853669002 -0.8504698682439851 13 18 19
0.4593280705661027 0.10977260735661262 -0.8150645487142768 12 16 16
-0.02820501978161549 0.4009656448901228 -0.855190497367122 7 9 8
-0.019479592328778807 0.4065423606867026 -0.857331618670302 14 16 17
-0.05446510039688826 0.37882311972592625 -0.8430493005844449 13 16 16
0.443053576739922 0.10680557032361412 -0.8116995172783938 14 17 16
0.014750764590795367 0.4198625232792424 -0.8610615798917248 10 12 12
0.5236776566626846 0.08724857750690054 -0.8038677699120612 7 8 8
-0.09258441461176321 0.347986645235424 -0.8225466273395495 40 39 37
-0.08720991018755384 0.35107549011696276 -0.820794662075365 106 105 104
0.008946186622291453 0.407207535953701 -0.8461647312115803 12 15 14
-1.174320915826853 -2.187165757655245 -1.4890567021313872 187 199 215
-1.1292666436382286 -2.1706450786220937 -1.5083547551539984 193 206 222
-0.04608585014616735 0.3637558857978017 -0.8171602122585914 36 40 40
-0.04623751649526764 0.36473016254855667 -0.8165594527939689 36 40 40
-1.2567901374683281 -2.315347024724228 -1.2821684526632702 169 170 178
-0.9934209680381875 -2.345601259857623 -1.4464812565321452 11 44 87
-0.9762422153818556 -2.2826743910692167 -1.4306802977990707 11 44 87
-0.25660308446112434 -1.3630495528869693 -1.4319752925349154 15 21 23
0.37517835998489296 0.09949709563677042 -0.766428494279227 31 29 28
-0.18765318161386582 -1.4403184831577993 -1.4140535445832758 81 80 80
-0.06942588111449947 0.3147698314185934 -0.7668686093101311 96 95 93
-0.04854161617210916 0.31438314435069614 -0.762518875043241 131 131 129
0.3815532903563836 0.07923657552209755 -0.7315502390267858 129 130 128
-0.04095176430480666 0.31674895022571586 -0.7627701433730814 141 139 138
-0.044643524959124006 0.3150744046283823 -0.7574310229301902 19 21 20
-2.54365538979204 -3.524387400030715 -0.449452725209576 71 54 49
0.07574480219225785 0.38347821219156863 -0.7816290465953375 58 61 61
-0.6244658082456809 -2.491218344765384 -1.020603332346339 35 35 33
-1.1786000191776882 -2.8021867314386126 -0.7428593924952627 132 116 105
-0.7055797330083728 -2.8563016367928062 -1.0248892482530914 110 111 114
-0.7055797330083728 -2.8563016367928062 -1.0248892482530914 110 111 114
0.3724051080459518 0.054556719656967845 -0.6846013987561731 20 22 20
-0.16494983165218874 -1.7120925983460993 -0.9986602605270781 30 30 26
0.0276785023268647 -1.9506467241784677 -1.0907467039225285 92 86 80
-0.3695062286174678 -2.0683890559610547 -0.7756694513277526 132 124 114
0.08673319963310791 -1.639729955612393 -0.9562792459074886 91 84 77
-0.25609972150278676 -1.9662821645322464 -0.796561972176187 86 78 70
-0.10527278071611801 -2.0881661124824142 -0.8869074703193652 98 91 82
-0.5436172973832594 -2.0375858751435674 -0.5966847777681215 154 139 126
-0.25964395105592253 -1.888525628324186 -0.7028807751974345 110 97 85
-0.33402321835289556 -1.910921285773786 -0.6508830540896179 149 134 121
-0.23488700363317302 -1.689717226202148 -0.67108812906827 145 131 118
0.07272337763137829 -1.482811215285888 -0.74840833934408 116 101 88
-0.8417158933906674 -1.2384523922155746 -0.7177358679954607 115 101 87
-0.20250871362501183 -1.58734658018875 -0.5517593926748607 117 102 90
-1.0203085226841293 -0.9719344923682612 -0.6238645050360239 116 101 89
-0.20250871362501183 -1.58734658018875 -0.5517593926748607 117 102 90
-1.0203085226841293 -0.9719344923682612 -0.6238645050360239 116 101 89
0.12504131966221094 0.3386558854374889 -0.7033631389579844 48 49 48
-0.365741915858885 -1.4805441291556385 -0.3876031825238653 161 146 133
1.600652564031499 -1.1983356999483277 -1.4141112179525201 116 106 96
-0.5588918616894928 -1.2318952032047232 -0.12100780926285414 123 108 98
-0.6123049420021641 -1.2302145133558031 -0.0856131381297079 162 145 134
-0.12299423023202267 -1.1287253671242248 -0.3251133489646564 156 141 129
0.06005669493122675 0.2162721529849485 -0.5935847459256188 7 11 11
0.34176517553245306 -0.01882056301514682 -0.5360926178837749 6 8 8
0.06641525140801818 0.17685817871383255 -0.5479096433340215 123 131 134
-0.18065153063560008 -0.8804326509080229 -0.1782045772822588 152 138 127
-0.02640625991667958 0.4214196461000896 -0.8746107859054709 53 60 60
-0.09883518362690523 0.35166811219398997 -0.8207335439561558 146 144 140
0.38779062991522867 0.12325118378758614 -0.8055450262048852 153 150 147
-0.043436970603720836 0.37751288944917655 -0.8356946157511776 52 57 58
-0.043436970603720836 0.37751288944917655 -0.8356946157511776 52 57 58
0.5145348289927345 0.08548899515668358 -0.7947774200847864 66 70 70
0.5145348289927345 0.08548899515668358 -0.7947774200847864 66 70 70
-2.908315603773154 -3.1711729076858193 -1.0619025651469673 77 53 46
-0.05258513601294862 0.3713071208024778 -0.8309810017631418 20 24 24
0.025182102175651033 0.4183072272861535 -0.8508410642223778 15 17 17
-0.0708224502962441 0.34502854446404196 -0.8098688073387781 113 114 113
-0.07445283501890333 0.3370342784623029 -0.8071994019193475 20 23 21
0.3914203808103757 0.09960105675055499 -0.783396704204421 21 23 21
-0.07445283501890336 0.3370342784623025 -0.8071994019193477 20 23 21
-0.29571629413364475 -1.3400343650559288 -1.4871388626374649 143 157 165
-1.05024174365 -2.3803903835374385 -1.3203555281783206 160 166 177
-0.12598465882427365 -1.515465279927941 -1.5097178832858043 59 62 64
-1.0295595501568373 -2.449654813177758 -1.1849494238742786 37 85 130
-0.00942958037207411 0.3451472454928661 -0.7806995077245964 52 55 54
-0.05561218877713858 0.3015231816424603 -0.7495540114993506 125 120 119
-0.03680504428465881 0.3124571458359121 -0.7536903937795396 128 129 126
0.42137409417679844 0.05316388632101878 -0.6964836875187262 23 25 24
0.027633376444478795 0.3315659339751665 -0.7524079833706162 14 15 15
-0.38172923428907246 -2.1901230528285494 -0.9065846336921282 163 168 171
-0.08513388474601098 -1.8413545802825586 -0.9174828932833246 84 79 72
0.07842684820697324 -1.5195564715377738 -0.9047372047992321 36 37 35
1.1342191815644702 -0.9215188193974625 -1.3996140614227979 30 28 26
1.5098563821649302 -1.2214241868083293 -1.450866432493946 89 83 78
-0.7491911013336517 -1.423955820268374 -0.10781081977693831 136 120 108
-0.7491911013336517 -1.423955820268374 -0.10781081977693831 136 120 108
-0.1432387949192359 -1.1669358788955346 -0.338452844002416 131 116 105
-1.5115148188182697 -2.416559900251407 -2.075149441300018 67 38 28
-0.1138090663751476 0.36649163051855865 -0.8534146438374848 58 61 72
-0.1162698749697637 0.3589206337259043 -0.8468738909951761 86 86 86
-0.08303565195883032 0.32816742131185533 -0.7918108075216787 109 107 105
-1.1593024035069643 -2.5609440591819213 -1.0960290928374745 157 163 171
-0.864821561231699 -1.278917125254994 -1.1650142032192332 133 135 139
-0.45093009625534314 -1.8573827782989247 -1.0134749521338489 28 31 31
-0.041137010326656225 -1.5709892249249695 -1.1390277691578383 22 24 22
-0.873187668446738 -1.2920776718647997 -1.1209693201965913 21 22 20
-1.0695081337955212 -2.4069178681973638 -0.7332501794095687 130 114 104
-0.4002942609054888 -2.522597550783177 -1.0245185650356678 63 62 58
-1.1014247846842007 -2.743973859594863 -0.6522437374717527 146 129 115
-0.9923130758741622 -2.7159644486536156 -0.7041285743263224 119 103 90
0.07553415159557648 -1.9351201598107575 -1.1249906070177604 75 71 63
-0.34863785105312906 -2.0486067301322577 -0.8063921758700662 33 33 32
-0.3182117989128198 -2.027822356973275 -0.7637943070937724 36 35 33
-0.7878793490272605 -1.1926522614642794 0.07276293489209051 141 126 116
-0.6455002038211947 -0.9063998865290559 0.07484251342397534 172 159 149
-0.09326262419926121 0.35620224157616504 -0.8846966724750625 108 108 108
-1.4675632583914493 -2.147088848190152 -1.8020674194644255 36 80 156
-1.1101909548303346 -2.4333766171461826 -1.6385232720080378 166 174 186
-0.06851471096939836 0.33367057773055553 -0.7875149855431465 30 24 24
-0.07236766052372284 0.3216177727592815 -0.7780883866533795 104 103 100
-1.1405892402743483 -2.5289019478400108 -1.234002500889357 142 156 175
-0.04774459936567497 0.3247189700475654 -0.7749411727660216 18 20 19
-0.04774459936567497 0.3247189700475654 -0.7749411727660216 18 20 19
-0.03745470242277765 0.3288245543574803 -0.7741833580330496 103 103 102
0.5382949622080645 0.002095297680064407 -0.6471226050407226 104 104 103
-0.9669443393622756 -2.460494568923578 -1.1526353782634924 158 162 173
-0.9669443393622756 -2.460494568923578 -1.1526353782634924 158 162 173
-0.03614733700221756 -1.5476918649511135 -1.2486422171151097 27 29 27
-0.027835025918814805 0.307938217560995 -0.7389429874150363 35 37 37
-0.08999410382565239 -1.482487680145116 -1.0963646739323958 28 31 30
0.3980438229845992 0.1092569519752307 -0.6612494294846248 119 123 122
0.13558557593592166 -1.5944424416458083 -0.9536291243552053 115 104 92
0.13558557593592166 -1.5944424416458083 -0.9536291243552053 115 104 92
0.14617665954336914 -1.5549649844674582 -0.8825037133112392 32 33 31
-0.13130869523866778 -1.7512141168821822 -0.7130555526094182 36 37 33
0.0032090110888423804 0.2587833205797616 -0.6688428236813186 15 17 17
0.01239042715732016 0.24911923500282943 -0.6527182067584629 12 15 14
0.04923602045477819 0.19569712604312817 -0.5607530582375478 30 34 34
-0.09960455078168269 0.37256575463020486 -0.8561138499866473 102 103 103
-0.07399030845289437 0.3806135002445881 -0.8503763946833752 30 35 34
0.43322272290092834 0.12005677013858199 -0.8249774182687671 33 37 37
0.42828703471924817 0.1130929140627606 -0.8090609685937563 32 36 36
-1.277519938029813 -2.210829922762873 -1.3969493638971056 167 176 191
-1.277519938029813 -2.210829922762873 -1.3969493638971056 167 176 191
-0.05766232238142274 0.3139139278181947 -0.7593277756832895 116 115 114
-0.016871793182451165 0.3240506280523867 -0.7572154975064177 21 24 23
-0.09212266193913554 -1.634007682219485 -1.032884530549995 93 87 79
-1.0356436600961323 -1.3400235139139762 -1.0539048950678445 81 75 68
-0.09212266193913554 -1.634007682219485 -1.032884530549995 93 87 79
0.061771012993060176 0.3471073685463751 -0.7451536240816493 140 144 148
0.004676362927811272 0.2875465340987294 -0.7095396958592864 20 21 20
1.124726717884313 -0.8611107154921563 -1.3975448178938108 115 117 119
0.08075743250447626 0.328419573244338 -0.7161398142215593 135 140 143
-0.05557966627631763 -1.5802289772214366 -0.6977172895455288 147 130 115
-0.628482970082246 -0.8285576702344196 0.06612263273421572 165 152 142
-1.0946783114287295 -2.1186977790446977 -2.1117833962557286 90 90 99
-1.0946783114287295 -2.1186977790446977 -2.1117833962557286 90 90 99
-0.3664587320977732 -1.8577790781284997 -2.031076831060996 81 86 97
-0.04794387781600558 0.32820742871842945 -0.7908094599913158 98 97 95
-1.7428186354504631 -3.560874917259989 -0.8087660937218589 137 120 108
-0.6501574601415716 -1.6941602648784995 -1.784915089563939 171 178 196
-0.05887731692525825 0.33634357713196733 -0.8046944683760625 99 99 97
-0.07649702549915863 -1.5344100847623783 -1.2778301331349795 25 28 28
-1.1004057637075242 -2.77451620122577 -0.7999412705214538 59 39 26
-0.11190618529447757 -1.748942029715186 -0.9533545661115641 20 22 21
-1.0921317342097057 -1.3251852101229462 -0.9722775586858605 17 19 18
-0.954544998632566 -2.6255372721418477 -1.0074451327972804 158 162 172
-2.7867224590995994 -3.4668651143970406 -0.47381199804229107 155 154 161
-0.16204223810463056 -1.7150721012944925 -1.9815864558776228 140 143 152
-3.072954237881742 -2.9419156706984753 -1.4701832156807315 140 122 115
-0.634407392660425 -1.857412107106218 -1.9637694035065174 74 60 85
-0.07695057188455129 -1.7305109219545858 -1.7755450046140935 75 86 92
-1.1324847182017308 -2.1516537076101647 -2.14589550230437 159 164 175
-1.0694170607972509 -2.224037479061933 -1.309079864684072 143 149 160
-0.8219719761645436 -1.1243490373966987 -1.4789071034666965 163 167 170
0.16967689810712858 -2.0613674919569793 -1.343082427776585 66 65 62
0.19261880778392812 -1.9885216438947042 -1.2761416273621042 31 31 28
0.2031849446069646 -2.0554308738703795 -1.2833345282493969 53 53 49
0.26539049216682375 -1.6801833806891053 -1.1028286494911421 42 41 37
-0.10993340740236647 0.32413565150828744 -0.8793458867507192 33 47 47
-0.35644835887139537 -1.793470764354493 -1.99020306644561 90 95 106
0.38774169654674456 0.11067985037191332 -0.7918314276219893 59 59 56
0.38646312891346873 0.1028550677555278 -0.7809966177153522 92 93 91
-2.112563859457214 -4.06877983810005 -0.9593720331355166 124 109 100
0.5317455379611962 0.004062850477234663 -0.6492317809011444 66 70 69
-0.05355332099028232 -0.16016403393062675 -0.7518074835891667 51 51 48
-0.31886826131864243 -2.0425686758755326 -0.7924759523656881 44 42 39
0.3734766678674421 0.050954375193533234 -0.6798434587882559 84 85 82
-0.11951090378441037 -1.644080659638741 -0.7510817772701348 114 104 96
0.5009866597028679 -0.03030315276841602 -0.5942129970119435 115 117 116
0.6318063911481895 -0.9084982687676456 -1.0928919173121234 43 44 42
0.46718461638959874 -1.2750968728887884 -1.8298087092907056 28 32 34
-0.10038174814764168 0.3310451326090782 -0.8902061978304648 30 33 33
-1.3265494082397884 -2.1559511916643235 -1.8938039163345488 54 93 160
-0.264395734464878 0.16546618379722822 -0.8524673036363878 61 67 77
-1.1650525248796273 -2.386397325104795 -1.628987292777905 48 55 77
-1.1886248856395574 -2.2846490985312338 -1.2448134694393225 114 116 126
-0.8184207694913221 -1.3217133702292456 -1.3749082244634625 30 31 31
0.4002689802538737 0.07445760704805399 -0.7315450043310473 61 61 59
-0.03463806446774868 0.3241736840789683 -0.7666340022064441 56 54 52
-0.11734612834778439 -1.6206760500323303 -1.901866511765557 45 49 63
-1.0992769482400955 -2.449294865459378 -1.6803815484474978 171 177 188
-0.1146393928939314 -1.4067020563817556 -1.3905117541589105 64 68 72
-0.12237922938795087 -1.4175627264323254 -1.2133016951185236 40 43 43
-0.8296720019883903 -1.1890458706345877 -1.2286694067570054 38 41 41
0.5316134607048607 0.002838019417211784 -0.646588438296347 41 42 39
0.18050059478666933 -1.7106993901338599 -1.2466892966391057 57 56 52
-0.030086663866690355 0.31618610949786324 -0.7510157944049036 12 19 25
0.07778434121492232 -1.775016141557156 -1.0253559836785524 63 62 58
0.07778434121492232 -1.775016141557156 -1.0253559836785524 63 62 58
-1.3069165422080777 -1.2977201639579685 -0.881411738222339 81 73 65
-0.13081866311372453 0.33470060846443156 -0.8846256152113978 23 25 26
-0.11130614071261234 0.35659689333987005 -0.8371640812203021 38 39 37
0.43750183535770637 0.10695624651377382 -0.8021764664997612 37 42 42
0.37698005021476066 0.10550433249284036 -0.7774618153106821 16 15 15
0.379671941399084 0.10123848321327693 -0.7691701655960609 107 105 104
0.16668723896327256 -1.211925989914172 -1.55425746224331 29 28 28
-0.9333607117437195 -2.4678288129137784 -0.7141458022913136 117 102 90
-0.3382336107539561 -1.4325171421387701 -0.4394101662952534 161 146 133
-1.434871022350007 -2.070820232272354 -1.8326693809490333 96 62 56
0.53773423694882 0.08918824132138467 -0.8089397336153458 93 98 99
-0.769019368513083 -2.038389174655671 -1.431709610723028 161 166 175
-0.8450614985233378 -1.2185644597522316 -1.4207885879683433 7 10 11
-0.055786742844556696 0.31529586213135613 -0.7698820767919888 11 14 17
0.5266822709532134 0.010377847052125525 -0.6508588166297484 16 18 17
0.38708736599319393 0.08086138840929563 -0.7403151583711509 15 17 16
0.39908631920722293 0.07321620632877632 -0.7320476135378247 82 81 78
0.21947277092707557 -1.7354035838591109 -1.169093176620946 55 52 47
-0.16604273299875472 -1.8813880667842215 -0.8955552083294381 94 90 83
-0.2483563606533342 0.22376323815810087 -0.4587435605854654 158 144 131
-0.5312563368172597 -1.3100048585753112 -0.18359764599340012 123 108 96
-0.5320150069714271 -1.3135392887287893 -0.18295218723915618 124 108 96
0.5049102361600815 0.10990752786319216 -0.8313050376882261 21 25 25
0.5004085927628934 0.0993717105862807 -0.8113814150214398 14 17 18
0.5171792819135888 0.085776967767236 -0.7992975929051369 9 10 10
-0.008323375357340875 0.47688256587353606 -0.7774996894359604 17 20 18
-1.244742298355156 -2.9994682502788765 -0.7435981411153286 132 115 105
-0.023067588912532012 0.3182043006375659 -0.7545891223134056 106 107 104
-0.24745287704962318 -1.883722105004982 -0.6748297207569617 146 131 118
-0.06636485610428565 -1.6187595167947735 -0.7592375307546191 99 86 74
-0.6007013195609511 -0.9847992790369048 -0.5067908457304703 129 115 102
0.1265878737381237 -1.147625030228828 -0.5538685773594066 129 115 102
0.38110990929842137 0.11082021946156001 -0.7901790435885704 20 20 19
-0.17620431810064643 -1.6723349840744945 -1.6656540832709483 36 41 45
-4.184403213246199 -10.293778172718008 -2.471089384915567 159 164 173
-0.0394904327096704 -1.585460806828394 -1.3968808778208073 103 104 105
-0.9995641639860773 -1.6659578389712248 -1.2725974970129514 128 130 134
-1.505147641571312 -1.4561136435129027 -1.050485153568721 109 100 93
-0.38805261694628645 0.23691114407092903 -0.6020358499122523 141 156 176
0.3862977303192379 0.08788861469933905 -0.7521426220543368 107 105 105
0.14755354023291026 -1.5635450222394072 -0.8843520813513059 32 33 31
0.10959257250916458 -1.564220447434362 -0.8329432072603188 129 115 100
-0.03260067880419648 -1.356426548999669 -0.5105899011523022 154 139 124
-0.03260067880419648 -1.356426548999669 -0.5105899011523022 154 139 124
0.4241424456843538 0.12807283461134683 -0.8378462608219477 107 108 109
-0.08894312595443292 0.3750159043312996 -0.8610303195262198 108 110 111
-1.3703720172109293 -2.515020779314874 -0.9142538242102577 120 105 93
-1.003872417344826 -1.5940551655617667 -1.0014875647038775 30 33 30
0.11065171257481209 -1.7748251949560658 -1.0400333833333448 34 35 35
-0.8711127234314657 -1.3344359774780192 -1.2808025237243625 26 29 29
-1.2182293453995519 -2.3403265683789933 -1.4228847829455842 172 179 192
-1.3593743602399124 -2.066529402991161 -1.5886583606663855 32 61 118
0.516546705698926 -0.024387553478221434 -0.6088177465118737 20 20 20
0.5409203896638788 -0.04453542156481767 -0.6024697644249318 25 26 26
-1.1115585490081197 -2.3673589475221455 -1.0856441055680386 134 141 150
-1.1115585490081197 -2.3673589475221455 -1.0856441055680386 134 141 150
-0.23696796747671145 -1.5985687309854806 -2.1803014916275707 153 154 168
0.5786868009426924 0.06357466280213243 -0.7376789619827688 120 120 120
-1.3371707601544003 -2.155040814100746 -1.909920691122037 27 53 111
0.5837497012395559 -0.4293371723322731 -1.2299751447763503 88 91 92
0.5167872176951992 0.0853285399161693 -0.7957727981212036 95 98 99
-0.9811521882077107 -2.333732449222037 -1.1078084044086047 134 138 149
0.37274506357373444 -0.02272546084533939 -0.5359848671910598 59 62 62
0.08332291604417263 0.2270223084051362 -0.6039630141279615 59 63 63
-0.9487603412860734 -2.1195235702683894 -1.645101228581821 76 73 67
-0.9340842677745683 -2.1320959082538553 -1.6393961121994753 82 78 72
-1.5151722364236655 -2.2068044197326695 -1.4415899218373889 49 26 20
0.6537621300031325 -0.03099634076956227 -0.6797284949282815 9 9 9
0.506421018247717 0.051042986636520085 -0.7303034130338185 10 11 11
0.4377028460439677 0.04753324116595212 -0.6983873064191803 22 24 23
-1.0999994005805664 -1.9183306643271287 -1.75740297308761 82 80 79
-0.9746943407901214 -2.0658891834242388 -1.687219033550243 89 86 82
0.38765903052126527 0.07653238355887053 -0.7296045822148245 135 133 132
0.5081564335599152 -0.019301556053984245 -0.604302032110219 57 61 61
-1.1094740058453143 -1.9199975961652362 -1.7476177993068982 51 49 46
-1.1487922706969176 -1.9054827801709142 -1.7454189901170867 70 69 65
-1.139212410203982 -1.9324669958633922 -1.718752696259303 79 78 73
-0.9523875209587882 -2.0518028896980076 -1.7148304104326493 64 63 59
0.14999686243774146 -0.3301512997775169 -0.7883007001268675 65 63 60
-0.9523875209587882 -2.0518028896980076 -1.7148304104326493 64 63 59
0.14999686243774146 -0.3301512997775169 -0.7883007001268675 65 63 60
-1.013525911815336 -2.0195492742803434 -1.7048735222062412 88 86 82
-0.38142995828880416 -2.205287004268267 -1.240557777811922 87 86 82
-0.8969814592247123 -2.117412177924656 -1.675969121496339 82 79 74
-0.9318476340956958 -2.103320668329881 -1.6725781233566095 57 53 48
0.6525812794550147 -0.026957544813455008 -0.6838735949526672 82 85 86
0.3853267758456674 0.10581457390312705 -0.7864352249823008 121 121 118
-1.125445226384208 -1.9880171633993997 -1.6767451565545837 67 63 56
-0.47979643460001303 -2.198506550348622 -1.1966733437137553 68 64 57
-1.125445226384208 -1.9880171633993997 -1.6767451565545837 67 63 56
-0.9641990616099643 -2.1165143438244383 -1.6531437935876545 55 51 45
-0.29885883369185934 -2.2545268180650995 -1.1927203963102309 56 52 45
-1.0057464809301966 -2.027332856541725 -1.7047221604383265 88 86 82
-1.1274499870801893 -1.967579792451938 -1.6942618881586833 46 44 37
-0.18993334888901148 -0.7831857060385146 -0.11947336384466277 123 110 100
-0.3870401531891114 0.2427049362472419 -0.5775961982022508 40 88 130
0.02401894351375732 -1.0676123557963724 -2.0208240326550864 49 55 65
-0.496855391616069 0.12684645999694846 -0.7012772116697368 166 175 189
-0.496855391616069 0.12684645999694846 -0.7012772116697368 166 175 189
-0.40052219508628595 -1.610544502799854 -1.661783734590383 44 48 52
-0.563096631304755 -0.7113854251857192 -0.8528789399173473 159 158 162
-0.18085806578984182 -1.6221638507105505 -2.106345014801709 132 132 199
-0.15825050590933534 -1.6265642479032603 -2.071979373496979 155 161 174
-0.15154635159294144 -1.646195440998434 -2.0438604369470603 155 160 169
-0.14516173137916663 -1.6380466641839024 -2.0428143182164127 153 158 168
-0.2140653792071371 -0.02454910209721727 -0.8804666210968465 101 110 115
-0.21787251859247994 -0.03573731842576051 -0.8653326695105975 105 127 141
0.38543087323714503 0.09070465537953096 -0.7589632191816635 66 64 63
-0.1683567225399814 -1.6357422869760692 -2.0713133209768806 163 168 179
-0.08566684298748928 0.6528193463300843 -0.6132294223479058 114 121 126
0.3759732598131455 0.094591950935002 -0.7602462225775859 60 60 57
0.3905306392647376 0.0746960811328461 -0.7259274408811428 124 101 101
0.38564085124332703 0.04669137632376063 -0.6773312506225642 91 92 90
-0.15929784060099844 -1.6338359249989156 -2.0659297928987264 33 38 53
-0.4722160977409715 -1.6254203282744473 -1.64445879108349 136 143 152
-0.2951295866831713 -1.889168623797499 -0.746799869007889 57 54 48
0.35474412190739035 -0.02270782359152098 -0.5404482529941921 71 74 73
0.06516688252574945 0.21423492485597692 -0.597630491155273 18 24 23
0.1395437431074214 -0.0018656774166756654 -0.5957473607521678 32 35 33
-0.8037112666548711 -1.481712563911704 -2.091550692355651 164 165 206
-1.0493606093666181 -1.5135687693860103 -1.9040369761293114 112 119 123
0.39213921599149915 0.0968007321634533 -0.7674730144055903 115 117 116
-0.6750602486493675 -1.7008559030293233 -1.7495955219130066 157 147 154
0.37234948325520206 0.09813086596325707 -0.7616193076123701 36 36 34
0.3737879018044825 0.09570445857202868 -0.7607522679767323 124 124 121
-0.4915741266198631 -1.6969691668770244 -1.6984437053171493 45 49 57
-0.4676671025755516 -1.6689228820825555 -1.6754312942146348 147 154 160
0.3789598345410052 0.08104419271413539 -0.7382944541584041 155 160 159
0.3901087115675125 0.06685581391081077 -0.7128533936777675 120 141 154
-0.8314503410795558 -1.2018197952914897 -1.2211644274317242 11 13 13
-0.6799028619904305 -1.7081568071758102 -1.0032872513397932 57 59 57
-0.20367684394749924 0.1682773291908715 -0.5196940129372856 40 35 29
0.4430623545508462 0.1294379649255564 -0.8475670826183139 34 39 42
-1.1848214743745817 -2.178012916965185 -1.766550764663743 42 70 124
0.37451566982606366 0.0832990860085304 -0.7380106797623766 146 148 147
-0.12955650907878266 0.26546467138015895 -0.7026826093338855 18 21 22
0.5270722483118293 -0.03140352779197626 -0.6073666336075398 59 60 58
-0.6044401146759528 -2.6628582285024995 -1.0928477006037385 90 89 87
0.5306555381571865 -0.05252726123743 -0.5875551739051971 147 151 154
0.11239193907744126 0.2636219349731941 -0.6553471859111251 36 38 37
0.13987157807130937 -0.00410669782620881 -0.5989803142628907 57 63 62
-0.19916755947248704 -1.6034566055391084 -2.139486404917242 159 163 179
-0.18472717072794628 -1.6108021239160468 -2.109956478616719 154 155 198
-0.1537402269484305 -1.636738148213198 -2.0527715793363925 170 174 187
0.5284018714540843 0.08397800437199185 -0.7962471259399272 113 116 118
0.3845356459268692 0.10268311958402503 -0.7786280570226922 178 180 180
0.38958632567630486 0.09629245930971878 -0.7683014204573755 22 22 21
0.37315365804931344 0.08937002693258846 -0.7520118270488981 110 111 107
-0.1329538688226875 0.27022535697905453 -0.6996931473669497 96 98 98
0.3972098283142554 0.047755820344277486 -0.6813057325419696 67 68 66
0.4287689575315923 0.03877845187517709 -0.6794462428956709 50 53 51
-1.1196474296445218 -1.9351997527951967 -1.2241345647633095 53 52 49
-0.3468284529366379 -2.3713824094189553 -0.9991851502541844 106 100 93
-1.0420750597584387 -1.583079804645236 -0.9984108596288227 64 62 58
-1.0420750597584387 -1.583079804645236 -0.9984108596288227 64 62 58
-0.8730707426616678 -1.3749265016828707 -0.8517973543335547 97 91 81
-1.213666115681379 -1.6663507674539413 -0.016837923835432433 181 173 169
-1.213666115681379 -1.6663507674539413 -0.016837923835432433 181 173 169
0.08331918780314117 0.2296225499921597 -0.6085416794563973 78 82 83
0.08331918780314117 0.2296225499921597 -0.6085416794563973 78 82 83
0.43441536403011527 0.1050501575513412 -0.7976251509951924 9 13 12
0.4353008720064499 0.046329757529655596 -0.69460442782016 91 94 92
-1.3047996261944967 -1.2157439967218504 -0.8822119206290907 115 109 102
-0.9999987806143686 -1.539995715256301 -0.9436632023328249 87 81 75
-1.046969706322291 -1.225041671073422 -0.8628222597931565 96 90 82
0.1478681104704487 -3.4770057002134935 -3.1090906839992214 117 117 116
-1.0133877502814201 -1.4160832697262653 -2.0019847970839906 92 97 108
-0.9660324381566979 -2.393608231195716 -1.4879304778242857 146 156 171
-0.8375939812124096 -1.2019890239481252 -1.4379363209918168 77 78 79
0.13970298259513694 0.3494328956927436 -0.5930555571735431 24 26 25
-2.712747035039377 -2.8321782107207256 -1.2521553010973834 104 91 84
-1.0948596691718941 -1.3316684536889707 -0.9142519449213281 87 82 75
0.3373811316791393 -0.021025768493930775 -0.5308440724147448 41 46 45
0.13055761845047578 -0.01998518724528976 -0.5911179826763567 31 35 35
0.45244972673033196 -0.0876193363269667 -0.48086263107343064 95 97 97
-0.843147220033361 -1.3425034782820786 -1.5255812781901184 59 61 62
-0.11745918388161192 0.29933382260773345 -0.6754996691893862 105 104 106
-0.8559426911521548 -1.2945908449133126 -1.3653794493772187 96 96 97
-0.05477223573345562 0.4086456495534177 -0.6034147709902551 115 118 122
-0.060398775255112426 -0.1664671479627026 -0.760305733736373 49 49 45
-0.2071131474394154 0.1558450735215117 -0.5611252390062585 91 86 78
-0.666568276760039 -1.726565988913245 -1.8198179635854963 149 164 171
0.38544139009072576 0.09664880569008728 -0.7637841966514989 60 49 49
-0.8367728768540699 -1.4705332259145925 -1.2347256170260035 92 91 91
-0.10687692446199772 0.3688602192315679 -0.8580334848436942 74 74 73
-0.5284204708436683 -1.4906688648204327 -2.0099840752321065 106 110 114
-0.5284204708436683 -1.4906688648204327 -2.0099840752321065 106 110 114
-0.22860095882683268 -1.733819078191274 -1.6692046204357875 75 81 86
-0.9318476340956958 -2.103320668329881 -1.6725781233566095 57 53 48
0.5284018714540843 0.08397800437199185 -0.7962471259399272 113 116 118
-0.2158022891203773 -1.7274853097510035 -1.6695281900502394 141 146 149
-0.9218797382143561 -2.1080364871551422 -1.6700524840012712 82 79 74
0.49884738220330005 -0.02401823596620523 -0.6004049598360972 21 23 21
-1.1724623886900798 -1.9548975573873881 -1.7030899349549975 42 40 34
-0.9999506642188261 -2.063371023057326 -1.6797954787894418 53 50 45
-0.4572596712993685 -2.20455586848119 -1.1937687297592026 44 41 35
0.36304522320908506 0.05707247725162623 -0.6872142894604382 28 31 30
0.00222325038551692 -1.409617237160889 -1.0803867577474047 24 26 23
0.21664071070257432 -1.3027583494061132 -1.8601574870022826 40 47 57
0.3853267758456674 0.10581457390312705 -0.7864352249823008 121 121 118
-1.0801393141560622 -1.9435756694514732 -1.7473753397614071 59 57 55
-0.762351010195805 -1.4547718264084657 -2.1867681100692944 110 115 133
0.11662833534334455 0.1894106718517346 -1.0204179353898748 45 50 51
0.47638623808210323 0.09715397014338632 -0.8008393380298905 32 34 34
-0.8040256869032213 -1.438805851044339 -2.1783554469857274 55 60 71
0.5078651681838999 0.10428867135309595 -0.8267992189974603 50 55 57
0.5100313885692509 0.10247270532436863 -0.8241559892596845 22 26 27
0.11467710531706361 0.19373328259177652 -1.0060808975045001 24 28 29
-0.7654559815578273 -2.771917279694889 -1.2845197955705296 113 116 121
0.5271120105875541 0.08165494772139735 -0.7891140030741446 10 11 11
-1.040226894724589 -2.4256879899869324 -1.263546221460028 153 161 176
0.5940586725075604 0.04994660308455165 -0.7302975694592411 97 98 99
-0.09910564402402712 0.37820923960762276 -0.8627454342475241 100 100 100
0.4379414721798012 0.03522055236239473 -0.6768701136900293 45 46 44
0.2839504283672539 -1.9232204869439637 -2.590099164574426 138 143 149
0.38948452323918575 0.10595253298016787 -0.788342288767697 97 97 94
0.3912416808705635 0.08664381748154877 -0.7490982316358863 103 103 101
-0.030057780972137405 -0.14914776353656617 -0.8733577891598618 78 78 79
0.4569983883511835 -1.9879633336557825 -2.6411199334957995 141 148 159
0.4125386825109373 -1.9771833190788386 -2.612128249048868 119 114 109
0.33431910648150187 -1.9137830111105094 -2.6307947988681857 81 73 67
0.6419044139787967 -2.182451071016602 -2.5340103617786003 145 156 170
0.5140261914556283 0.10598893510741383 -0.8298923720058806 38 43 43
0.5060149403532263 0.10762685461211616 -0.8293520457798007 47 51 52
0.49944060146752634 -0.11843571289614106 -0.4968080427314323 42 45 44
0.37274506357373444 -0.02272546084533939 -0.5359848671910598 59 62 62
0.3949443250536643 -1.9585668131186675 -2.616471973934207 125 121 118
0.3538580334366151 -1.9293834007161834 -2.6227487033635115 104 96 90
0.37895129035626435 -1.9760413225633686 -2.583236142981988 142 133 124
0.3992527756660327 0.13804889678622817 -0.8463248831504214 118 116 113
0.28224631474064066 -4.973175691877735 -4.081114430347401 115 113 110
-0.14610647188096226 -1.84740826578052 -2.1125403598606334 143 146 157
0.4148989487201326 -2.0105458876086226 -2.5648843150183227 120 116 111
0.46313534721897376 0.10528842252862788 -0.8095233805670383 8 11 9
0.36960265351000504 0.08423430035942016 -0.7416012415960801 15 19 22
0.3550423826739107 -1.9176924943506954 -2.6475570654189355 91 91 93
0.6560585326240334 -2.1650647347773138 -2.548185484242394 137 147 162
0.5203913737066318 0.1098457371111903 -0.8342260981888657 50 55 57
0.5063484446114696 0.1000079065515189 -0.8233044572429031 51 54 56
-0.013293794886593461 -0.15681646108993494 -0.8816557477577367 77 78 79
-1.0910779376076392 -1.1410745475661677 -0.7495189107257028 118 109 99
0.628763790725672 -2.1137350379743545 -2.6188264111732527 178 191 214
0.2919741781506312 -1.9340233579214032 -2.5878736063049304 169 175 184
0.16873078632851193 -1.08722141241435 -1.7308686326784666 43 48 57
0.3980761127021535 0.13459135882303547 -0.8435317951070278 57 58 67
0.36138881330314954 0.05521052098396417 -0.6823230676292579 67 67 65
0.47910833664261704 -0.19924445474355726 -0.41516835414129144 100 102 102
0.4206851212257179 -1.970737727102389 -2.6278175898828153 168 173 181
0.26082503901241977 -1.8954130664271271 -2.63480625761408 160 168 178
0.6185443124299096 -1.9687817974858808 -2.3412597977061678 169 176 185
-0.669390970598886 -1.6218999807626693 -1.9407382029144207 66 29 41
-0.14402979071025412 0.243617633458487 -0.7244806324018118 78 78 78
0.4730970569596774 0.03554542274300295 -0.6777245694597951 136 140 144
-1.057823662157706 -1.577537458098926 -0.9785419813672055 63 58 50
-0.9322918684936712 -1.553552891268881 -0.9316629124666014 113 103 91
-0.9322918684936712 -1.553552891268881 -0.9316629124666014 113 103 91
0.43169670408127947 0.13554588890432337 -0.8468985705044083 37 39 41
0.43125193166337855 0.13387645712358948 -0.8460919689553512 108 110 112
0.3963731131381868 0.12963408342659308 -0.8307192997782212 112 111 109
0.3915812515131021 0.13338758467124961 -0.8292401752297434 122 121 118
-0.9508271219196767 -1.3739734003897939 -1.6478611573843338 107 130 144
-0.9516312486312277 -1.4089282278650501 -1.6612434867208439 57 68 77
-0.4404354894730623 -1.5050202812953462 -1.5751851223486522 164 172 181
0.3981348212771962 0.07263097530026381 -0.7292467308450138 122 120 118
0.5894859472990898 -1.8750403033250946 -2.4399220507571853 125 132 144
0.20990975052235145 -1.8727706485663624 -2.6113739472447985 157 163 173
0.3765345250207671 0.15426163355247044 -0.8600261854582819 59 63 65
0.3899993025758397 0.14989351828867087 -0.8575486877115194 28 32 34
-0.49202658245420655 -1.579177273414392 -2.0693717358673602 146 160 165
-0.911988158342852 -1.6945960956673347 -1.8084293057480199 83 92 97
0.3794650058249805 0.10397660328077406 -0.779827414776899 93 94 93
0.38118832229720473 0.08169094266907634 -0.7393351097078662 36 46 49
0.3740584537870509 0.08110948978955751 -0.7338608205703884 121 119 118
0.36737831707156876 0.07837078557918982 -0.7307642370083128 91 91 89
0.39656741035480514 0.06722860414665784 -0.7176639884364039 106 109 108
0.4198469294444837 0.04685901984959097 -0.6906100954732455 23 24 23
0.5126331310867782 -0.0348501591404298 -0.5959491758052553 43 44 43
-0.9487603412860734 -2.1195235702683894 -1.645101228581821 76 73 67
0.371179621241182 -0.026262813031384353 -0.5320488498158515 62 65 64
0.8796917959028056 -2.2626254614657824 -2.5946384904021427 120 132 148
1.2671285626067303 -2.0611396468774514 -2.3923474459618372 127 138 155
1.2671285626067303 -2.0611396468774514 -2.3923474459618372 127 138 155
1.6206511014360776 -2.179993937703561 -2.2619563301107157 146 156 170
1.2517961414800765 -2.1499304557744923 -2.205825740404085 142 152 167
-1.2558401682346503 -1.2294897705491736 -2.1903454772873316 54 60 76
0.38892239809575013 0.1455260229093089 -0.8514130527157612 24 26 26
-0.4265993631932941 -1.4360609590179956 -2.1003401527195074 161 170 170
-0.15439708679946015 -1.6778994740828521 -1.793737584962414 162 171 171
-0.4046094769488458 -1.4635249556163246 -2.100874438232732 168 175 176
-0.39287494980413123 -1.4735278302588126 -2.098493650779272 158 169 171
0.3866822520192595 0.11878246935761884 -0.802610235648822 56 54 49
-0.3724735979461088 -1.5580824508532778 -2.0469854243519583 103 113 117
0.37234948325520206 0.09813086596325707 -0.7616193076123701 36 36 34
0.38305851454048523 0.08561351248535866 -0.7485662781818639 27 30 30
0.3885416749950695 0.06581583026489167 -0.7114379762636539 48 56 59
0.5296093367665955 -0.34810573301734915 -0.8310269240485669 14 15 14
-0.3665203641371885 -1.4007781505382926 -1.4863077538757847 22 22 18
0.4246235512768633 0.039003703304465766 -0.6789989897583545 19 20 19
-0.27492433098820906 -1.2197370661896925 -0.561773215224153 132 124 118
1.2381735598415182 -2.483140834877092 -2.5883590613914333 126 136 153
1.2381735598415182 -2.483140834877092 -2.5883590613914333 126 136 153
0.5952690356765659 -1.8717771437347832 -2.4798233106134453 172 181 195
1.2104094032010801 -2.574580323805339 -2.4789712785573546 136 146 161
1.2104094032010801 -2.574580323805339 -2.4789712785573546 136 146 161
1.2886140393052181 -2.6388162718444526 -2.460259754866128 131 141 155
1.2886140393052181 -2.6388162718444526 -2.460259754866128 131 141 155
1.1913397386637938 -2.0701926544456257 -2.354301523239299 138 149 165
1.2571949716037236 -2.6327902567918464 -2.454288134856819 147 157 171
0.6758822402619641 -2.18382155930522 -2.557765359881266 131 141 156
0.6758822402619641 -2.18382155930522 -2.557765359881266 131 141 156
0.20396748147179528 -1.8800804652061536 -2.60662674527026 155 160 168
0.48452727709332655 -1.945542364056868 -2.3517346245212947 155 159 167
0.48452727709332655 -1.945542364056868 -2.3517346245212947 155 159 167
0.9593573501048838 -2.0564497017127423 -2.282236667112898 112 122 136
0.2582505427585185 -0.6222940301901099 -1.4039596496643334 15 16 16
0.3893884449181953 0.14461562532784428 -0.8471866132006535 110 109 108
0.5164752905587761 0.10431792679782069 -0.8266250140465873 14 18 20
-0.415029020679209 -1.4338199205343256 -2.1035627410655335 21 29 31
0.38403003833959826 0.11456159045982056 -0.7972871572922788 15 14 13
-1.0817431706747123 -1.5607496709169124 -1.8394596818227915 153 161 166
-0.4624781604952263 -1.5370451856184408 -2.068214076950952 41 57 63
-0.4624781604952263 -1.5370451856184408 -2.068214076950952 41 57 63
-0.49938993116158686 -1.4802494338521965 -2.059466168098114 93 101 105
-0.4795512928350149 -1.5609211241810648 -2.068629239630589 42 56 62
-0.4795512928350149 -1.5609211241810648 -2.068629239630589 42 56 62
0.5543897907117163 0.02974155377851803 -0.6871292744672644 118 120 118
0.40036408841445736 0.10412864011646329 -0.784941437163497 116 118 116
-0.5288946611921796 -1.467503719164253 -2.0443213210338067 43 51 58
-0.1572553340536368 -1.8606794251878729 -1.736060493261957 152 162 166
-0.9494801042735633 -1.4094814873837391 -1.6757044712513098 35 41 45
-0.5374639916939126 -1.4873104459762654 -2.0025902199778596 141 146 149
0.38179929920293 0.08732330781972429 -0.750981320441225 110 109 108
-0.608649227815222 -1.1815777869291904 -1.7734493543811465 96 96 96
0.3961353210423614 0.076177038891286 -0.7343925819447533 112 112 109
0.516186487144132 0.04122395409257837 -0.7160756158633984 72 72 74
0.39086017020269187 0.06906816264119499 -0.7149252260643442 9 16 20
0.5152206234006114 -0.337168533377363 -0.82109219685279 29 32 32
-0.8134936825413418 -1.648593546868158 -1.0056528800950268 43 43 39
1.447280466656129 -2.639379668689731 -2.5432501824089675 146 155 172
1.447280466656129 -2.639379668689731 -2.5432501824089675 146 155 172
1.188737052885557 -2.5107823729103833 -2.5229175095111542 130 141 156
1.188737052885557 -2.5107823729103833 -2.5229175095111542 130 141 156
1.275037837842551 -2.6008438894855663 -2.469537625579243 143 153 168
0.8932474555082465 -2.338265287172809 -2.527550066135605 144 155 171
0.31470632784924135 -1.8831780690666857 -2.6514699142628935 88 91 93
1.204521130503062 -2.590794902318662 -2.449537274938888 135 145 160
0.36269209373502437 -1.9278459464545046 -2.63333436757728 152 151 150
0.6560585326240334 -2.1650647347773138 -2.548185484242394 137 147 162
0.329573217416443 -1.9283624493829354 -2.6080510126149488 128 119 109
0.6675558758105691 -1.959956374075608 -2.362431916100528 115 106 97
1.1510086639292416 -2.5819028824089036 -2.4296852015199497 140 150 165
1.1510086639292416 -2.5819028824089036 -2.4296852015199497 140 150 165
0.31336729492139237 -1.9303182908563816 -2.5979951019003287 83 76 70
0.5099532070474112 0.10579580665404473 -0.8298521515955621 4 6 7
-0.8553931488752436 -1.5409667866728491 -1.9206630366356647 176 179 196
0.43119941365163555 0.11465951421359252 -0.8124943533962062 17 20 19
0.47354566240827245 0.10289084924252326 -0.8085471940369268 3 10 11
0.3946462003995427 0.11555505370241138 -0.8016838619359321 112 112 110
-0.7476246691618145 -1.6635022667899717 -1.7757524036016155 141 148 153
0.5194607228374631 0.0358707795207059 -0.7860317641768133 9 10 10
0.3925064325278606 0.09442521117729506 -0.7618086518686348 122 123 121
-0.8326678368529846 -1.129264706279692 -1.4712739233166 15 19 21
-0.237048613331386 -1.2539874309497268 -1.6171904835360034 22 24 26
0.5572059039503435 -0.013047917525894242 -0.6429805702818759 29 32 30
0.5558518354496161 -0.015598317954552009 -0.6406537444932529 90 93 93
-0.4099151588726894 -1.8414445418773062 -1.547713431789735 117 117 119
-0.38528590194348056 -1.4927357352465436 -1.6698170874219473 13 16 15
-0.36172450336849005 -1.377778320772795 -1.5003037745813903 47 49 47
-0.36225808190114306 -1.3785100678363547 -1.5004787236555426 48 49 48
-0.8214445261275343 -1.3523005237224004 -1.296029340635745 95 96 96
0.44060375556552067 0.039622753443150416 -0.681312222495375 23 25 23
0.37445443276867635 0.014718417299623667 -0.6674502038358601 13 15 14
-1.000064561145531 -2.0635494767025437 -1.6799476639128696 53 51 45
1.656809883928462 -2.678752575523602 -1.0783164459840382 110 104 98
-1.1123796448953938 -1.7684381093548995 -1.0931925762558712 70 66 60
-0.9831147006309446 -1.4470517589540375 -1.268054395826322 160 155 150
-1.0577966428383803 -1.1276670326190537 -0.7928735914885731 68 69 70
1.3800927506916532 -2.6129965722811925 -2.5207372504411003 132 141 157
0.5724682307357732 -1.897540601359514 -2.4800270225068046 153 160 173
1.163721316114253 -2.540295645185895 -2.47774322416176 136 147 162
1.163721316114253 -2.540295645185895 -2.47774322416176 136 147 162
0.28824990474046913 -1.8860653623088353 -2.634858231566586 104 102 99
1.191827376688152 -2.6085799840233017 -2.421896573604617 146 156 170
1.191827376688152 -2.6085799840233017 -2.421896573604617 146 156 170
0.3618275027657335 -1.9549265872590549 -2.6013388582890333 166 158 148
0.6502977680524041 -1.9586489566767369 -2.3692808945915855 166 158 148
0.27071588049319684 -1.9026535802028863 -2.6093748352112165 94 92 91
1.730907402634873 -2.2219216011715424 -2.204339537768296 147 156 169
1.730907402634873 -2.2219216011715424 -2.204339537768296 147 156 169
1.4705234323516816 -2.2061588288867235 -2.1918372033108735 142 152 166
0.5364128233117318 0.09018366004937353 -0.8124139732960082 12 14 14
0.4800222808039798 0.10431352562282324 -0.813201766827006 12 15 14
-0.4089442412184368 -1.4537001599214032 -2.0923393230893117 151 164 167
0.4335329796845383 0.10448695629587583 -0.7928376484513927 37 41 40
0.5262965388033489 0.08195745015617927 -0.7841383054136217 38 40 40
-0.6804940043466805 -1.820944363454716 -1.833062898854566 160 173 180
-0.5125622591790868 -1.6101969279898667 -2.0772119976001986 152 164 168
0.07153287084764769 -0.12198736705421057 -0.9501449720326345 15 21 23
0.38438780906777537 0.09716874410634561 -0.7687067113885553 18 16 15
-0.03192048999015665 -1.4228423641435852 -1.4174168449836355 31 34 35
0.49572636836791384 0.00862160220482614 -0.627788006889364 166 166 165
0.5023575219047532 -0.3236676143284989 -0.8135752714089055 51 54 54
-0.8638119536739849 -1.2709409802692062 -1.098962186330207 22 22 18
1.707842898891071 -2.6548458272209605 -1.108130390138925 94 91 90
0.674516527169152 -0.242779342987362 -0.7185558265417363 96 94 94
-0.5347909730713895 -2.1889077210653958 -1.2126203529333044 42 39 33
-1.615404049437592 -1.5672269348126788 -1.1317814938216149 82 78 72
0.22906465515715393 -0.32858208068297223 -0.6832792089896396 86 95 99
-0.8514007218476354 -1.3744472912565244 -0.8354005335562602 36 32 26
-0.38023825668473304 -1.035129577945239 -0.4793466589546291 130 116 104
-0.41490589297402686 -1.4420871298205864 -2.116119726738812 24 31 33
-0.43375806913025305 -1.4278444217600388 -2.0927424022495043 152 165 166
-0.4892876313854483 -1.4546924622268345 -2.066034607153048 35 45 50
-0.1951285563469662 -1.694362048475153 -1.7405900936331933 35 44 49
0.3792585755398991 0.11622566885015552 -0.7941469903022824 112 110 107
-0.18594700426329738 -1.7896243197538684 -1.717532678729439 150 162 165
-0.5990050511012108 -1.1804388723676955 -1.7828134279884256 91 89 89
1.1324974231949239 -2.009915307018777 -1.440523459675496 159 105 115
0.3660592174946772 0.08924020008221449 -0.7369909969484271 94 94 92
-1.0446671062077904 -1.9692465511637003 -1.736072149918025 50 48 45
-0.9868144572689407 -2.0153400497785317 -1.7274357540306926 58 56 52
-0.9921914737756271 -1.5948105503766457 -0.9705012986353391 27 26 21
-1.0408016777772782 -1.189062233530335 -0.7747043664808207 113 102 92
0.4404042495426208 -0.10122636959975743 -0.4758044018818634 80 85 85
1.4213242949282798 -2.06634038866018 -0.7109627254645738 132 116 104
-0.6940670687638876 -1.5960838832834507 -1.9319580425783176 59 31 40
0.39313968429297397 0.10575190272155241 -0.790466466936303 18 18 17
1.1410141062208965 -2.00693145929055 -1.4677880588314132 147 131 133
-0.8450614985233378 -1.2185644597522316 -1.4207885879683433 7 10 11
-0.8330169416276332 -1.1940304042440302 -1.2528302281889467 4 8 7
0.4919643610485565 -0.004308546834904323 -0.6156839789760888 59 60 57
-1.1009271467300359 -1.923993228657746 -1.3051108701798049 47 48 46
-0.9099364971332771 -2.0839512559837403 -1.721979468525577 67 65 62
-0.8867031004752796 -1.358567479029126 -0.7943633899786249 131 118 103
0.4399353328656362 -2.011317571683351 -2.610879926970896 152 148 142
-0.7689488153900926 -1.7532132145682238 -1.4973788997148807 9 11 10
-0.7385183868104823 -1.6744677483794856 -0.9361849318695405 133 123 111
-0.6628248765245357 -1.355287448610888 -0.7316949396964285 115 102 89
0.3812865217204718 0.14034644116514605 -0.8460548039642233 37 39 40
0.3785209283814917 0.13298097904382253 -0.8314944482141665 27 30 30
-0.18246010913774938 -1.7641858736726628 -1.7307035606850087 145 160 165
0.37374421464174257 0.09564589192998545 -0.754596394406884 107 105 102
-0.8438674429302339 -1.2773329283274444 -1.4456120010352496 70 75 78
-0.39983151162691616 -1.632487244777711 -1.3486031569550836 64 63 62
-0.9372569846240885 -1.6738489902386706 -1.307138776797706 74 73 73
1.262067143460264 -2.071242840358546 -2.4285035342426915 135 146 162
1.262067143460264 -2.071242840358546 -2.4285035342426915 135 146 162
-0.0679492237048508 -1.417512423575738 -1.462588462320287 179 189 197
-0.33516199335220204 -1.2794295438371153 -1.7381010428966717 183 193 201
-0.47036974178183755 -2.1073230774053857 -1.3050557864361707 98 96 95
-0.4713994313798146 -0.8613209096257339 -0.39270486930915505 131 118 106
-0.9714627745948771 -1.2335733086685665 -1.909113421885175 79 83 95
-0.9782565296889377 -1.6685251612444651 -1.170046905032336 40 39 35
0.3309146299827951 -0.0321283713759799 -0.5235100141171406 21 25 25
0.40826977401374376 0.12818531204019065 -0.8332349104951597 77 78 78
0.392965819701762 0.13277461271895985 -0.83371608852036 72 73 72
0.392965819701762 0.13277461271895985 -0.83371608852036 72 73 72
0.5594459408210212 0.06360128481849445 -0.7180184800961228 119 118 116
2.537625664210757 -2.4067290934975754 -1.5748206143146832 106 109 120
2.5232879955271548 -2.4112184301303223 -1.5379863321290959 105 108 117
0.5407332931010972 0.03357761817917209 -0.6856313654926691 89 89 88
0.5358605264372268 0.007041419772679707 -0.6549482081416829 62 63 62
1.9494412698109902 -2.1809883329076607 -0.7814848521047179 184 187 191
1.9318018650025304 -2.1608845937056507 -0.7500919750067725 186 186 194
0.4569983883511835 -1.9879633336557825 -2.6411199334957995 141 148 159
0.9296323834584418 -2.3881908093234743 -2.494087238048123 143 153 169
0.6419044139787967 -2.182451071016602 -2.5340103617786003 145 156 170
0.2021081578526049 -1.8710453096431672 -2.613279509813172 91 96 106
0.39219730087424276 0.09995165818204824 -0.7759048061362012 37 37 36
0.5376242500680378 0.007510964511576257 -0.6554421387083608 48 49 48
0.5127265605960623 0.002430729005316462 -0.6335911763707897 103 106 100
0.5190882808418467 -0.007339069589233993 -0.6256943358592495 125 145 158
0.5819416592441805 -0.0512925239069622 -0.6052319941914058 31 33 32
0.5346355739018989 -0.039966354282789274 -0.6036760726022345 24 25 24
0.5315887856063117 -0.03750994122814255 -0.6036244426513695 15 16 15
0.5462858092557695 -0.05925661796776488 -0.5903538709495373 13 14 13
0.522045455378746 -0.04087277381641846 -0.5956037984553658 17 18 17
0.7726191679262943 -1.4540058066054393 -1.2628662795502175 67 68 67
0.5386765344300378 -0.055737739518799734 -0.5892070687672267 62 63 62
0.5360587153509393 -0.05629901109465575 -0.5869323425970229 75 76 76
0.5229932193260972 -0.04672538845098277 -0.5895583711994077 141 144 146
2.0697541361800966 -2.2729281538517196 -0.8292002977086987 58 57 55
1.9525161424248652 -2.177521031233639 -0.7618884056929606 165 166 175
0.4376230938228562 -0.09780646603504083 -0.481733309571247 63 67 66
0.4376230938228562 -0.09780646603504083 -0.481733309571247 63 67 66
0.35933898779991036 -0.4555417430142091 -1.4134951555216628 125 116 108
2.055159211329208 -3.269107838052544 -2.1923279439437744 117 112 122
2.5140355074039005 -2.3091957988767446 -2.082148379141762 127 122 132
2.083530273094786 -3.2353218439703495 -2.1263254838727255 135 129 137
2.5215177171292074 -2.246488489990564 -2.0226244732738508 133 127 135
0.42792949306412564 0.1307725355297854 -0.8466609290491642 104 103 104
0.6630850228068458 -0.006644458769694446 -0.7114537779602707 42 46 48
0.43796213248497573 0.10515044839432419 -0.808264401824491 31 34 34
0.6629385045529116 -0.02992868079093573 -0.6851992342948225 38 41 40
0.6647933494559021 -0.033881014419558854 -0.6835055426734804 114 118 119
0.6647933494559021 -0.033881014419558854 -0.6835055426734804 114 118 119
0.5990857921384345 0.01346865012197416 -0.697459296473623 97 101 103
0.6653658513557636 -0.037357607559009964 -0.6791886245892061 46 50 50
0.5368702655616809 0.05094993035871541 -0.695960813868067 31 31 30
2.5026264252125903 -2.480669305991193 -1.534119890482822 149 152 156
-0.5642046104150541 -1.5001796891929364 -2.051831892996236 132 139 144
0.5416066881283269 0.026392466306803284 -0.6725412116041841 120 123 121
2.08875364514801 -1.9391999617477789 -1.1848431182614276 73 73 76
0.529415932296274 -0.010740071045389396 -0.6309532875916051 106 105 104
0.533123817103842 -0.018051235142665042 -0.6235541027569016 57 60 59
1.9228458129310768 -2.338287185795636 -1.2038713892207815 111 112 113
0.5472151717698411 -0.04848026620491234 -0.6016285114226934 9 9 9
0.523885638705218 -0.02993728041199681 -0.6064685314395921 28 29 28
0.5666826607155322 -0.06314686136200968 -0.5886591700377715 65 69 68
0.566670447446269 -0.06334443999070818 -0.5886654610016969 65 69 67
0.49597936898733896 -0.020548553937492414 -0.6010904239456691 65 66 63
0.542553119791573 -0.05846520346960813 -0.589369135261762 11 12 11
0.5305397488745789 -0.0489392190853396 -0.5922323686654934 14 15 14
0.5038101691901741 -0.03260228390094457 -0.5948010629061576 69 70 68
1.7239545234288935 -2.6404702223764005 -1.165609349953996 65 66 73
0.6726050979816779 -0.21845295178908392 -0.6909011787060184 99 92 87
2.3185435265893712 -2.172934141970401 -2.4184610333884087 151 157 171
2.3185435265893712 -2.172934141970401 -2.4184610333884087 151 157 171
1.9750487643680952 -3.0046589406193482 -2.494959598655138 147 152 166
2.3517892988908082 -2.199149135877079 -2.383579686970225 138 143 157
1.9750487643680952 -3.0046589406193482 -2.494959598655138 147 152 166
2.3517892988908082 -2.199149135877079 -2.383579686970225 138 143 157
2.32441380616934 -2.2128854598382097 -2.392716516107704 151 156 170
1.9141297871433982 -2.976568935363232 -2.459115457436492 147 152 166
2.313800003148662 -2.213488397621067 -2.357897070549933 144 149 163
1.9141297871433982 -2.976568935363232 -2.459115457436492 147 152 166
2.313800003148662 -2.213488397621067 -2.357897070549933 144 149 163
1.3081533410203154 -2.5378900761888605 -2.5672427255065258 146 156 173
1.3923073183976469 -2.651995533626689 -2.5064249967274628 145 154 170
1.2261414885852728 -2.533654221947619 -2.5212137033994995 141 151 167
1.2261414885852728 -2.533654221947619 -2.5212137033994995 141 151 167
2.1817042248333816 -2.232049635637752 -2.2903442862216288 141 147 160
2.1817042248333816 -2.232049635637752 -2.2903442862216288 141 147 160
1.295287503250021 -2.6307207500887415 -2.479307681232992 141 151 166
2.265673270544062 -2.25581743237048 -2.241712699437409 140 145 158
1.8314932999822022 -3.029143659221405 -2.3607260735198117 143 148 160
2.265673270544062 -2.25581743237048 -2.241712699437409 140 145 158
1.2571949716037236 -2.6327902567918464 -2.454288134856819 147 157 171
1.204521130503062 -2.590794902318662 -2.449537274938888 135 145 160
0.6277962842861542 -2.1644766555188606 -2.546527421114209 146 157 171
0.4129818283083952 -2.0056029677937786 -2.5788738369811317 160 152 142
2.403069445023352 -2.3305220249498495 -2.1114386581924527 138 142 153
2.5213388932267558 -2.273466294261972 -2.034221538305838 141 137 145
2.5395720826731645 -2.3244749859873957 -2.032566291421039 158 145 148
2.3721063511508635 -2.3623974881513528 -2.0171373214259796 145 148 158
2.3721063511508635 -2.3623974881513528 -2.0171373214259796 145 148 158
2.4909188806296605 -2.3599410839785513 -1.9006299044342394 183 175 185
2.188952514213871 -2.4190850299540814 -1.8698911808628 137 142 153
0.5098774022798075 0.11059173922113175 -0.8352651000435296 18 22 22
0.5579262580435058 0.06385830326600576 -0.719276565630987 53 55 52
0.5471530004144199 0.05819964279234599 -0.7085058025153781 107 107 106
2.477647542226096 -2.418509436704939 -1.5644939258580843 51 53 63
2.477647542226096 -2.418509436704939 -1.5644939258580843 51 53 63
2.5459971403210164 -2.480351124470793 -1.5076872336091205 112 115 120
2.5135028400243273 -2.4262027485639526 -1.4713601079428869 131 136 140
2.6283428577165493 -2.5683199930798666 -1.4136304712180876 71 72 76
0.38546153780132825 0.09263142407057022 -0.7623344046336672 64 52 51
1.9789072825525704 -2.2656824876833 -1.3472982509227465 157 160 167
0.6206540092258509 -0.06596084597174096 -0.6260908330660684 87 90 90
0.523613659887146 0.007785178860615872 -0.6452469759870024 54 53 51
0.529055597127542 -0.0345720765303095 -0.6055458436851554 12 13 12
1.9744885740379923 -2.2290562996482572 -1.109287457519858 45 48 48
0.6728567734957106 -0.1762010034332972 -0.7006392232112851 87 87 92
2.397333751860801 -2.5074961745376205 -0.9455351072255168 48 50 49
1.6924544846113734 -3.7448734035164524 -1.0265325808456363 62 64 63
2.412251355438919 -2.496004899875742 -0.9384171822934166 57 59 59
0.67346051131747 -0.19648115055587886 -0.6974129593512373 101 98 95
1.9228191825915713 -2.6945478662696476 -1.0157396356672277 109 109 116
2.1093703418465446 -2.3344700586463913 -0.8430501849587183 106 105 104
-0.5576822078213884 -1.463449784476335 -1.0750332278374581 68 69 70
1.486935843390565 -1.6452586262883657 -0.4639388996498079 184 179 174
1.140114401623734 -2.4552388757907533 -2.5461583720509267 140 151 166
1.140114401623734 -2.4552388757907533 -2.5461583720509267 140 151 166
2.423212901765721 -2.278168002743647 -2.2417479963560596 145 148 160
1.9951506901070704 -3.14910701619932 -2.3569101499417626 148 152 164
2.423212901765721 -2.278168002743647 -2.2417479963560596 145 148 160
2.147811629506833 -3.269198208606165 -2.3104073337137097 178 179 192
2.5773250138421977 -2.2990100021252946 -2.202476777211043 178 179 192
1.3857741616087953 -2.704549750531845 -2.4466931154022418 151 160 174
1.3857741616087953 -2.704549750531845 -2.4466931154022418 151 160 174
2.3008393009879096 -2.292155733379534 -2.193857556749182 146 150 162
2.409265857453121 -2.305865979579699 -2.1709028432607584 151 155 166
1.9579835691209453 -3.185881679662101 -2.2915786170723504 149 152 164
2.409265857453121 -2.305865979579699 -2.1709028432607584 151 155 166
0.6293490749646167 -2.1905033021062374 -2.5187455310856213 135 146 159
2.081536531133622 -3.2511342422696674 -2.150099643806085 183 180 188
2.5308319764537526 -2.2751907567259115 -2.048571602245781 184 181 189
2.484460305861417 -2.3051782808221555 -2.0716306616367053 128 122 134
2.2393423469569407 -2.3218058290961663 -2.11708979766321 146 152 164
2.35120238567044 -2.3360912702428998 -2.0898519735276313 128 132 144
2.35120238567044 -2.3360912702428998 -2.0898519735276313 128 132 144
2.4494533631517528 -2.319695926143671 -2.052631203277579 164 161 170
2.4738702268197095 -2.3171821205363696 -2.0450941423777715 169 160 168
2.3817093124445052 -2.356146364514349 -2.0489070251241146 141 145 155
2.2944089513969868 -2.342477362519237 -2.0316185269797695 145 149 160
2.128005548618765 -2.357509884544025 -2.010478290874767 137 142 154
2.128005548618765 -2.357509884544025 -2.010478290874767 137 142 154
2.5037052070407415 -2.363109335702771 -1.9154551672328985 149 139 149
2.371712003925205 -2.4120804037816685 -1.9196956180262212 158 161 171
2.0836436195584884 -2.36052057818008 -1.9494829903997013 143 148 160
0.6149673776561533 0.017352206083287122 -0.7068563104001834 14 18 18
0.6475343780536689 -0.007990886495296425 -0.6994159062730277 12 16 17
0.508851357265279 0.09140122364457617 -0.8005526061748152 15 18 18
0.10860140728458788 -0.8497430830816061 -1.3339516298229719 146 157 159
2.5319926278909803 -2.462843696582254 -1.5170395310147227 39 41 48
-0.6146055995101543 -1.5449867949969966 -2.0930177721069865 20 25 27
2.655356890350109 -2.5693537724604614 -1.4041588777889906 42 42 46
2.0249457217259947 -2.2191130909533237 -1.3720542062307381 74 76 81
2.000323335314566 -2.27405930397739 -1.3470317605251738 49 53 62
0.6133847813469305 -0.05344247290725149 -0.6336666498450497 20 22 21
2.0668252658694453 -1.944895312362528 -1.1929114189172174 96 98 100
0.6216973818980087 -0.06371578764955417 -0.6290307862172344 8 9 9
0.5143112572144087 -0.017926392933303604 -0.6134529060908372 92 93 92
2.0498380231896562 -2.3518703423373886 -1.1041247833144288 159 163 168
2.124153418213608 -2.2222502839335965 -1.043526404320586 65 66 65
0.6166946652443497 0.12112425091358063 -0.6535438380308906 110 111 112
2.1269043886587466 -2.5816446149508714 -0.9752625580943549 127 127 126
2.397532600170294 -2.527573369144859 -0.9165719366656718 41 43 42
0.6706576034698731 -0.16296738024961438 -0.6833241400973192 62 59 66
1.8497218205982888 -2.7214096029267014 -1.0264245708426116 60 55 49
1.8497218205982888 -2.7214096029267014 -1.0264245708426116 60 55 49
1.9087530766982503 -2.7029947450443164 -1.0083290684696393 78 77 83
2.396489122881384 -2.537668754052554 -0.8833941319843565 21 23 22
1.8728316297768892 -2.727898999987186 -1.0148873965573046 76 70 66
2.0945324257680653 -2.255947003992517 -0.8701219868400688 92 91 91
2.3198431553673835 -2.3910504150026815 -0.8262476049017324 32 31 30
1.8833949341268692 -2.4480068014852763 -0.863360717247983 92 85 78
1.9506115954052292 -2.1849894252789475 -0.7898285108592192 204 205 205
1.9295416179518332 -2.176564255067013 -0.7366058612481706 34 30 28
0.446541591979492 -0.07935121744918783 -0.5021085471659309 53 57 56
-0.6981891108435683 -1.7857575563159316 -1.2685547520644722 92 87 79
1.7300915431670334 -2.938301806883168 -2.4202021272349543 148 154 168
2.1501889148449256 -2.2337094189476145 -2.2930633257417186 148 155 169
1.7300915431670334 -2.938301806883168 -2.4202021272349543 148 154 168
2.1501889148449256 -2.2337094189476145 -2.2930633257417186 148 155 169
2.1464247367181835 -3.284039703352482 -2.3318116401544633 139 140 153
2.571974483046731 -2.3082586182463865 -2.2178851006800064 141 142 155
2.1464247367181835 -3.284039703352482 -2.3318116401544633 139 140 153
2.571974483046731 -2.3082586182463865 -2.2178851006800064 141 142 155
2.39139654191155 -2.2983753028979073 -2.2099593068127352 149 153 164
0.3506907297106245 -1.9642542998840105 -2.584232736107001 104 100 98
0.16873078632851196 -1.08722141241435 -1.7308686326784666 43 48 57
2.362938723936072 -2.423385770970694 -1.8959279646065972 158 160 171
-0.7992104134871536 -1.5087022337684115 -2.0444705307101367 169 172 186
0.598559116827451 0.02113778408351165 -0.7056399758040696 13 16 15
0.6525812794550147 -0.026957544813455008 -0.6838735949526672 82 85 86
2.5103219627753175 -2.4176052617618367 -1.5192820885876945 172 175 182
2.568653656789097 -2.517839868307609 -1.3959611906535632 123 124 128
2.3787203099808614 -2.257173699144467 -1.3096271024766366 24 24 26
2.0292849883946915 -2.291492260819552 -1.3624830196117568 143 145 151
0.5235104124337877 0.018016066074842935 -0.656941444147704 33 38 41
0.5191968963562467 0.008826573706153917 -0.6434579433131146 127 127 125
0.6737357090146859 -0.1911594856783253 -0.7041986475635412 77 76 77
1.6720149095713845 -3.7547260773925264 -1.0228285727195405 16 18 17
2.4073849458203123 -2.519326384515679 -0.9320849304120294 16 18 17
2.2089334874892894 -2.7035654574944155 -1.005876959849942 19 21 21
0.6729415901733067 -0.18657629485941607 -0.693433128029523 77 75 75
0.6724148747261152 -0.19296103547906138 -0.6870454143690381 73 70 68
2.357544070894972 -2.522671121903825 -0.8922859244753145 10 11 10
1.8376465995601556 -2.4378193027104187 -0.9196359710393003 147 142 141
1.8337300485133252 -2.442177879145775 -0.9020286794229492 36 33 30
2.006030201017635 -2.2316329583868555 -0.8281400746068993 121 119 118
1.8080887360663498 -2.4465170138245855 -0.8838631976532689 107 99 92
1.9176339958516697 -2.1925303603155486 -0.7307653896892428 110 100 91
-0.8629232395630574 -1.4107842127704067 -1.1441947178868561 112 100 87
-0.5737342823042304 -1.520365498544365 -1.0177054484467165 83 72 61
2.4138026746919725 -2.289202563551455 -2.20801029382918 145 148 160
1.9782474895230846 -3.170214332244365 -2.328920067124008 148 151 163
2.4138026746919725 -2.289202563551455 -2.20801029382918 145 148 160
2.5125735966761926 -2.3198507984425407 -2.0617125497361624 160 159 168
2.563693160305712 -2.309829947223683 -2.026580390141297 173 163 166
2.3714757594708282 -2.397767101949768 -1.951692711494863 162 165 176
2.383141691372478 -2.4196498110028646 -1.905157788080765 134 136 146
2.2725461579819393 -2.3661957856790905 -1.7624650736361613 152 156 166
0.5063484446114696 0.1000079065515189 -0.8233044572429031 51 54 56
2.5857450723721995 -2.3880350902662513 -1.6689628201118207 62 66 80
2.5336199944845057 -2.40038439134811 -1.5944401779135826 163 167 181
0.5535685579335395 0.0549561377459569 -0.7053704057704008 156 154 151
2.5162961767875336 -2.403400040650158 -1.5547091880259782 161 163 174
2.5043359429484204 -2.3570593204057055 -1.4585428020564635 59 63 67
2.4808167859848056 -2.4108222276154807 -1.4694594417677198 19 21 24
2.373443694326248 -2.307228946856235 -1.4232654805490463 177 183 184
2.3193310009458603 -2.26867549159823 -1.4034973407887326 28 32 36
0.5164251647049535 0.00596225682368027 -0.6385330015946866 29 31 29
1.9821818017371922 -2.3364869754560376 -1.1786125252285093 20 23 25
0.6153480815825624 0.1256370966682421 -0.6486840415846109 17 18 19
2.096044193490583 -2.5641125796659447 -0.9544699361989286 29 29 28
1.967896761604194 -2.1822898329356115 -0.7959435022179155 22 23 24
1.9571706108953542 -2.168000730809632 -0.7518423293905587 89 84 88
-0.8774935772458025 -1.6613352517757833 -1.3027358018824615 83 72 62
-0.9408695785288667 -1.6122464404753594 -1.3118034399607172 80 69 58
-0.8733630747059301 -1.6173674314810265 -1.2718733855740099 112 101 90
2.135568516056621 -3.332308831844321 -2.283280968976467 166 166 176
2.5886383562170607 -2.3479592792752078 -2.1696244148989607 164 164 174
2.035728275074815 -3.2873743065786103 -2.27774532513282 178 179 191
2.4780701833403294 -2.326167418587569 -2.1452540198436663 177 179 191
2.5557526832724724 -2.3333790548653375 -2.01525639436454 126 108 112
2.539957133106097 -2.3701972661095936 -1.9226476687296516 172 163 173
0.5295824960207134 0.03787104541048835 -0.6785645223708154 115 114 111
2.4123339240848307 -2.3570194835127194 -1.4067356890450105 78 81 85
2.2156691097711056 -2.337886291942253 -1.354939552830272 14 17 17
2.37480230017339 -2.429158656332974 -1.3527411550511683 187 193 197
2.5888099894489165 -2.5922134936480985 -1.3016057553119011 83 84 86
1.948981919919988 -2.3272075224498345 -1.1850688771986024 128 128 131
2.2474238266869557 -2.7098770223823756 -1.025343579035131 106 108 107
0.556964647209635 -0.09617976297787134 -0.5547783337733505 137 141 145
1.8929440294089521 -2.712534582569781 -1.0157982502194327 123 122 125
2.328406513993564 -2.474813739297968 -0.8408255234375972 8 12 10
1.8634329954080275 -2.438198872978647 -0.8332943167814455 113 103 93
2.012376959988719 -2.2355827948552576 -0.7357169783678743 107 97 89
-0.8399272882196224 -1.640883605421043 -1.2635685642002215 124 114 101
2.4499573250801725 -2.324546152840681 -2.0320379732631944 126 108 115
2.047763369142189 -2.1317573527114417 -1.6403787065368691 150 155 165
1.994753825330823 -2.1689030040022654 -1.4633484522433995 134 138 146
1.9894752836562135 -2.277941641102439 -1.328944295952515 36 39 46
1.9219164621841272 -2.3391171492158147 -1.252188584259632 149 151 156
0.621715909627366 0.10474051570525135 -0.6601194283232883 166 167 168
0.638980439887801 0.03789151262534317 -0.6624060011411103 116 117 119
1.8602622268411793 -2.677043433233271 -1.1133073300186116 126 125 128
1.9202897180209229 -2.646416762531911 -0.9981230054555943 110 110 115
-0.7608841437602726 -1.779122421915102 -1.2934717277055812 77 70 60
2.357566718159388 -2.4359641827840113 -1.8642672211855469 136 140 150
2.3689138676383883 -2.4104135810595166 -1.7826671597239394 165 166 176
0.31854135285076 -2.180752419914063 -2.066783117503043 94 95 94
0.5967807597786472 0.03857457772992438 -0.7172473141436501 31 35 35
0.5354519310189374 0.02766358467592457 -0.6712307137710503 44 41 40
2.521124254737545 -2.4274900314188663 -1.3469711582661783 18 19 21
2.116566954670012 -2.333985804005853 -1.2586090729782482 31 35 36
2.0858171677493074 -2.575398265974186 -0.8985325292815692 24 22 19
-0.9087399344788728 -1.5315415547504534 -1.244596650224335 125 113 99
0.9690365673723467 -0.9815983181177114 -0.15562814435979927 166 152 140
0.9690365673723467 -0.9815983181177114 -0.15562814435979927 166 152 140
0.9859684476398173 -0.9006998023863366 -0.11772580097521843 169 155 143
2.606648506479512 -2.4031818803358567 -1.6465321511629787 63 66 76
2.263537548499232 -2.2542352444999367 -1.5903290577584426 61 64 68
2.158708139362341 -2.151638839583819 -1.198369233628301 174 180 184
2.0655504961012308 -2.40187650356562 -1.1635908318333006 14 17 17
1.8453203398746516 -2.4510202501041523 -0.8744293998386945 39 38 36
1.8453203398746516 -2.4510202501041523 -0.8744293998386945 39 38 36
1.9345449994095025 -2.179488540477573 -0.7051105955597567 40 38 36
1.9345449994095025 -2.179488540477573 -0.7051105955597567 40 38 36
2.027020296686045 -2.4568868570663702 -1.2575294269352169 17 20 21
2.027020296686045 -2.4568868570663702 -1.2575294269352169 17 20 21
2.053136479152319 -2.104311863616725 -1.0452360441184703 11 12 12
0.5614809630712532 -0.06776003080446777 -0.5886916463039059 15 17 15
0.6713958553783738 -0.15329029409090633 -0.6956489209373315 116 118 127
0.6687891773710125 -0.10876659778795901 -0.6799296449984302 21 22 24
0.6687891773710125 -0.10876659778795901 -0.6799296449984302 21 22 24
2.528718377167049 -2.339528196830754 -2.153452816410362 185 186 198
2.0583577611943564 -2.3653139651418136 -1.4211725264559303 139 141 148
2.088693271636457 -2.5817621712672483 -1.0153168278487603 20 22 23
2.4509865848125063 -2.3356436091367674 -1.5870642517843467 162 164 175
1.9744859085537512 -2.152775183009335 -1.5345029958661471 142 148 159
2.3532857573913897 -2.340074796043315 -1.462427443525317 25 28 30
2.558816778603297 -2.401082301301545 -2.046465259467511 141 124 127
2.0654119526702686 -2.4000534830581923 -1.2610423842975438 13 16 16
0.5194177393356388 0.10894434608483654 -0.8417213919569393 43 47 50
0.39629011964420513 0.13228330431976645 -0.838939648431094 64 104 103
0.3887315060842634 0.13599832981837837 -0.8356892127718407 89 88 86
0.3915631962062613 0.13238455089039441 -0.8311973857547842 87 87 85
0.42295597769912485 0.038927149758553846 -0.6781507253133059 55 56 54
0.5989888383767112 -1.8819314097993605 -2.547191230578989 148 155 168
0.8505759778922042 -2.1968125968542807 -2.6446820269744586 135 147 163
1.5456683376385056 -2.1337742025972406 -2.3391158884280956 151 161 177
0.2021081578526049 -1.8710453096431672 -2.613279509813172 91 96 106
0.4680546749725533 -2.0790472324004834 -2.5535795574102806 101 105 113
2.469735204217533 -3.493132217617027 -1.5576981304243616 100 92 105
2.4472256578003826 -3.5066789126822897 -1.5309776841838794 113 108 119
2.4289143226276084 -3.52388905758389 -1.507081308144497 127 123 136
0.5539714531491099 0.05866093841207596 -0.7096559571795463 120 118 116
0.40017284672140285 0.1065247196959836 -0.7897939771444303 98 99 97
0.3970945482599221 0.10695675830586054 -0.7898062578947079 81 81 81
0.38234543090449247 0.09196184427914557 -0.7591608201603112 79 80 78
2.5151620829808756 -2.4360462784560815 -0.977872428536495 75 77 77
0.5292896072924308 -0.049789618340175146 -0.5909132340895666 80 81 80
1.6199037296020478 -1.2727407846175782 -0.22946898994988718 130 118 109
2.3632674703531507 -2.2007570244856445 -2.409583427503573 142 146 161
2.3632674703531507 -2.2007570244856445 -2.409583427503573 142 146 161
1.5176451109642872 -2.670401471518157 -2.5646265096668843 146 155 171
1.5176451109642872 -2.670401471518157 -2.5646265096668843 146 155 171
1.8845226923544092 -2.1756295377877137 -2.3749062776930647 151 159 175
1.4296667471295064 -2.6927951477740537 -2.489499212751435 140 149 164
0.4405413446988304 -1.9864752522647995 -2.6243119037527363 149 154 162
0.9088391534204696 -2.3503062540209987 -2.5219837547815707 140 151 167
1.4929934940770828 -2.135476823379927 -2.3192541332911016 132 142 157
1.4929934940770828 -2.135476823379927 -2.3192541332911016 132 142 157
0.8215596368985423 -2.3324147400938813 -2.4872976768203503 144 155 170
0.8215596368985423 -2.3324147400938813 -2.4872976768203503 144 155 170
0.9481837523471346 -2.448391664065287 -2.440707593120395 161 172 187
2.498602820086034 -2.3005783798162063 -2.0685956660590663 167 163 173
0.5099110458309183 0.10373056124415792 -0.8258514619987279 20 23 24
2.437866012799311 -3.5130224431233406 -1.5195792510683759 131 128 139
2.4186097053015554 -3.5303090775276016 -1.4938118656424229 129 128 140
2.385752132620702 -3.5482433474646013 -1.4521070523741437 99 104 114
2.385752132620702 -3.5482433474646013 -1.4521070523741437 99 104 114
0.3864835950950849 0.1273182229989352 -0.8115870308519287 126 125 122
2.770467799677102 -2.343491691667462 -1.3893518274150176 90 92 94
-0.4793687357788482 -1.5505716850003255 -2.0733888610737217 146 161 166
-0.15296539437442594 -1.797145613317583 -1.7295527868143998 145 160 164
0.5439094608854087 -0.04695268047167558 -0.6011225170516287 17 18 17
0.416728989207182 0.03928469923650643 -0.677049301038442 69 70 69
1.4983692525208039 -2.6808103312978697 -2.5499123901910448 151 160 176
1.4983692525208039 -2.6808103312978697 -2.5499123901910448 151 160 176
1.17014646441595 -2.43437184192514 -2.5923720299498636 151 162 179
1.17014646441595 -2.43437184192514 -2.5923720299498636 151 162 179
1.3081533410203154 -2.5378900761888605 -2.5672427255065258 146 156 173
1.7633600828306495 -2.9548233002855024 -2.4142432424227382 141 147 161
1.7633600828306495 -2.9548233002855024 -2.4142432424227382 141 147 161
1.4485870057483476 -2.7372196805600937 -2.4626016912086794 145 154 169
0.3670031740833551 -1.9480574886382476 -2.608114844516872 164 155 146
1.2243852844170902 -2.605970081963258 -2.4500936893973537 141 150 165
1.2243852844170902 -2.605970081963258 -2.4500936893973537 141 150 165
2.0281121353029863 -3.2634630083571614 -2.1895201564523687 125 120 132
2.554559851159042 -2.3235600525014175 -2.037547345673858 142 131 136
1.776743237343265 -2.255907642317409 -2.1378470956960767 136 145 158
2.4057615917684827 -3.530203383507538 -1.4927684199384221 87 91 101
2.408592594373272 -3.535936161585255 -1.4803251007164961 149 150 161
-0.41103843918491084 -1.4399363829013954 -2.0924787127517135 161 172 174
-0.10959131727483115 -1.6939724266899996 -1.7915438833557122 159 169 171
-0.25709182290170324 -1.7529327977126445 -1.7175719234170588 146 154 159
0.5294997056077309 -0.003100246271958492 -0.6365406185238024 126 112 111
0.4087471189845202 0.0662396190928378 -0.7144826416323173 20 22 21
2.505626036791386 -2.4398089812695956 -0.9771776395517839 50 53 53
0.36712024847333563 0.07150364845778999 -0.7130715448121508 76 65 67
0.4993079867049534 0.0026765626226424298 -0.6207973202392603 76 79 80
1.7265821814699207 -3.731030226869035 -1.0272929467054093 53 55 55
1.6699178412251798 -3.7402194241916282 -1.0381942023502848 49 51 51
2.321406694797843 -2.3928641698222397 -0.8105692168286868 66 65 62
0.5215544052817435 -0.04780902274422275 -0.5878268421442786 143 149 153
0.5214860857760005 -0.046964414653047785 -0.5876734264187716 141 147 150
2.227485329950805 -2.14180225071391 -0.7258894754734874 68 64 61
-0.8112600114370694 -2.1870722305277153 -1.653483109404467 79 78 73
1.542156862158233 -3.252761830289587 -0.6810684518777826 66 63 59
-1.0686623490564513 -1.4635924153563449 -1.3278043170443339 154 149 146
-0.5709105774020741 -1.7184685852204062 -0.9399817258754452 151 148 145
0.31682803013956007 -0.025015526942543064 -0.5118267416957122 21 24 22
1.5188838678156933 -2.659685052653112 -2.5727350532186963 171 180 196
1.9357165059868016 -2.9840102412427463 -2.498156582218966 152 157 171
1.9951506901070704 -3.14910701619932 -2.3569101499417626 148 152 164
1.5509782860198829 -2.8134765412444684 -2.421086273555852 137 145 159
1.5509782860198829 -2.8134765412444684 -2.421086273555852 137 145 159
1.8314932999822022 -3.029143659221405 -2.3607260735198117 143 148 160
1.1604387705035992 -2.5813259887214417 -2.447950286634374 166 177 191
0.6293490749646167 -2.1905033021062374 -2.5187455310856213 135 146 159
1.4894917115661372 -2.8536863912940746 -2.3608338011341776 145 153 167
1.4894917115661372 -2.8536863912940746 -2.3608338011341776 145 153 167
2.8198502614648286 -2.3361728211184944 -1.379090852467507 159 166 167
2.524485256318297 -2.4358614078725025 -0.9755230573644588 45 47 48
1.7901784031616477 -3.711198075665044 -1.0423035156945748 15 18 19
2.540070968050106 -2.4349975050326598 -0.9550142189258567 17 19 19
2.527129410024182 -2.4391061271323915 -0.944921208889564 87 89 89
1.7823072400037911 -3.7473576677440477 -1.0277755036354586 13 16 16
1.828834801911803 -3.7547736632402726 -0.9818440443486854 66 68 69
2.4073849458203176 -2.5193263845156877 -0.93208493041203 16 18 17
1.549265309837634 -3.2378602002092163 -0.7710971360637533 238 238 239
1.5580073331031141 -3.2219605744813355 -0.7416376902512425 251 251 250
1.5580073331031141 -3.2219605744813355 -0.7416376902512425 251 251 250
-1.1186828207570607 -1.9570440557154256 -1.2654297596290272 60 59 55
-0.4704895408059822 -1.6957115984692204 -0.8989276166005834 158 153 150
-0.25431576356157887 -1.2402922906274831 -0.5742640979570315 161 163 168
1.1673680231042898 -2.5525523482525077 -2.4615891149421656 167 177 192
2.487998896689763 -3.4840679583137013 -1.5875490410708781 93 71 75
2.392474714493295 -3.53774211447549 -1.4674853971508335 47 51 61
0.08035483047058932 -1.191268033060846 -1.5063776509879654 144 156 161
0.6560064918510791 -0.02725472976782955 -0.6874193823897631 10 12 12
0.4609052326891406 0.10035388746427276 -0.8003311543828402 8 9 9
0.6616975387974262 -0.03715608439448976 -0.6773702734619487 8 10 9
2.8025876477297937 -2.3413738034347817 -1.3759731700926852 32 34 36
2.2645777285641797 -3.685307035445706 -1.4321739192618503 41 43 45
0.4380293686115992 0.1008845843286455 -0.7923153819809142 14 17 17
-0.07396440592254228 -1.7574197175194688 -1.679230354044478 150 165 169
0.5385691544229844 0.03383188429259608 -0.6838452156375948 175 177 177
-0.3350189457965772 -1.3527285104645843 -1.690820970119853 90 89 86
1.8636873025388345 -3.772427917211458 -0.9729281473757141 61 63 63
1.5639697214812969 -3.2322144032669393 -0.6977137893286965 175 172 167
1.5010786614317377 -3.272081979260151 -0.6751580853315529 81 72 62
-0.9660348051930826 -1.4526797109812408 -1.2331394765495363 139 128 115
1.534373130948724 -1.6714410339980699 -0.462772339410028 119 105 93
0.4773863979907225 -0.06357223232463811 -0.5076164597094023 27 29 29
2.315960206079528 -3.5462411933555105 -1.6402997244960933 207 196 187
2.3750886645851406 -3.554816900731067 -1.4394391341409638 43 51 61
2.3750886645851406 -3.554816900731067 -1.4394391341409638 43 51 61
1.141014106220897 -2.0069314592905507 -1.4677880588314136 147 131 133
2.435581397527486 -2.145984581299414 -1.2204642600483373 97 98 98
0.5335678392339855 -0.022809473625988584 -0.6147220217276214 104 108 109
1.7596932350456622 -3.7285764977843088 -1.012493635103522 56 58 58
2.0606817053933066 -4.1951581969127805 -0.9334603611402316 69 69 68
1.8956558780036306 -3.9827510231137246 -0.8281080676206314 8 7 6
2.256418815570775 -2.1487047700836097 -0.6371739648459237 114 107 99
-1.0900829977152395 -1.3656807153210322 -1.1015973950876616 97 93 87
-1.3477486956469045 -1.8430513408284943 -1.1986713555204669 91 85 82
-0.9630876043209096 -1.5739369971037072 -1.307284543666449 75 64 53
-0.7371518994111941 -1.463498101731206 -1.0919972320459719 110 98 85
-0.7371518994111941 -1.463498101731206 -1.0919972320459719 110 98 85
0.549855035161815 0.0371234830271491 -0.6924028153280032 20 20 19
1.9432212648369287 -3.219335755879713 -1.2432684335739157 29 30 31
1.9432212648369287 -3.219335755879713 -1.2432684335739157 29 30 31
0.3994776231171008 0.06602509628746964 -0.7167561998094945 106 108 107
0.5282034125370585 -0.015647801667624573 -0.61942201840557 29 31 30
2.0893730579006466 -4.1945582108756865 -1.0132834091530747 87 89 89
1.735239241107649 -3.592185104211008 -1.0228395099968 13 16 16
2.5495247148115188 -2.436082223438048 -0.9460648265743955 10 12 12
0.5538888554524126 -0.046027672032938026 -0.6056651774648496 18 19 18
1.9457121814276965 -4.10935813517284 -0.8701430859232744 50 48 44
-0.8551467917428036 -2.181907780781397 -1.6332468165714271 48 45 40
1.282708000736581 -2.3408050234431412 -0.26274439416718726 160 141 127
1.2777173466643101 -2.2528140339401457 -0.21394487642225185 124 107 93
0.3585248129500105 -0.020089282124042714 -0.5416599247923053 7 10 10
1.149510950837029 -2.0107560648083966 -0.1599362782061478 112 97 86
1.6045702113068858 -1.263185608757557 -0.22714971493245398 178 174 174
2.088208668837759 -4.151368440623397 -0.9382486318593188 43 43 43
1.1304530595630662 -2.528351536372321 -0.47521270668038473 162 145 130
0.9094932099499382 -1.566315384525342 -0.055140222172628775 162 144 130
2.1446237103815773 -4.084172416575293 -0.8403269688402628 42 42 41
-0.9280470004693847 -1.6539814545963585 -1.3196668349302068 75 65 55
0.42510978919290465 -0.09405674254339814 -0.47671927741169173 5 6 6
0.5957286283751985 -0.11688438678097501 -0.4686467187844569 192 199 205
1.2807710301622717 -1.0132202741482585 -0.13462668088649238 136 120 108
1.2807710301622717 -1.0132202741482585 -0.13462668088649238 136 120 108
0.8922088941229248 -1.5245857296425231 -0.0441130523058937 134 118 105
-1.2629653717142657 -1.354795208182222 -1.9967372342422902 61 67 76
1.7634226168746436 -3.5277523193674813 -1.0079487002047671 87 90 90
1.7634226168746436 -3.5277523193674813 -1.0079487002047671 87 90 90
0.5057617010208459 -0.007363076472268799 -0.6192797363999317 34 37 36
1.5435068871653732 -3.2478407272805705 -0.6638649810678647 40 36 32
-0.8461802846420808 -1.7347413233140168 -1.3164187729872945 74 66 56
1.23856866309307 -0.9948280737446664 -0.1299744348009473 162 146 134
1.23856866309307 -0.9948280737446664 -0.1299744348009473 162 146 134
1.9415608595145892 -3.8480983061505283 -1.0230682737986354 10 11 11
-0.98227313904763 -1.4329657578572197 -2.017714752588363 85 89 101
-0.6266425007270503 -1.438305636163064 -2.042645126532714 34 38 40
-1.1279284542252541 -1.2644204697852848 -1.0377514917172062 95 86 78
2.3743806866257238 -2.1311714923473786 -1.2264505371592322 18 20 20
2.6078532319597687 -2.446086550805354 -1.0291949459884129 21 24 24
2.057762283179889 -2.893651866944678 -0.2460623962903749 110 109 107
2.060962991936806 -2.8831735785438433 -0.23817717740319783 112 112 109
2.059890529085898 -2.8197101199136605 -0.20901697551950657 119 119 119
0.30428495887878426 -1.9381009089444958 -2.586437031011316 122 127 135
2.528257035493118 -3.4532779309892514 -1.6346355378160824 132 109 116
2.47785780708284 -3.485644617638161 -1.571224064988584 149 120 131
2.458128653500358 -3.5006104784095258 -1.544222110965168 132 129 141
2.2009894408046087 -3.983969115084513 -0.8757286376545244 98 99 102
2.060687412662847 -2.846186153527303 -0.21990369796260542 110 110 109
2.0590944669490163 -2.831391596115911 -0.2139201541665616 117 117 116
2.0525287779423906 -2.6857463610597074 -0.15277692353436725 146 148 149
2.136767565962075 -2.6557632490449006 -0.04778647773144379 99 98 101
0.34896834917930497 -1.830354791748116 -2.6567242822511346 121 128 140
0.3973208760116429 -1.866289695118485 -2.645477013235089 108 115 126
0.7472090490573595 -2.223755161827681 -2.5564197548091996 144 155 170
1.160614865986762 -2.5218382166814557 -2.4989158204140014 151 162 177
0.7927606452521138 -2.017755400266813 -2.3271350129589106 106 110 119
1.1942589118211218 -2.09486547988497 -2.2948333990502876 146 157 172
1.1942589118211218 -2.09486547988497 -2.2948333990502876 146 157 172
1.9053934377965314 -3.1707161284980288 -2.282411174475976 146 150 161
2.4301792531915214 -3.5262960808197676 -1.5197148312340958 86 86 96
2.418610624884576 -3.5300039237661127 -1.5062054782298104 88 90 100
2.414406378801543 -3.517459530262057 -1.4767346757577735 85 82 95
2.023630140235666 -2.4552786300082556 -0.6032930360518481 140 147 157
2.102795908688558 -3.10341359580608 -0.7292297416988569 200 203 208
2.102795908688558 -3.10341359580608 -0.7292297416988569 200 203 208
2.4347348531693194 -2.473225528619892 -0.9451463553801335 56 59 58
2.00568971209497 -3.202315197955872 -0.5793350433910864 30 33 32
2.001622292853005 -3.195554046110899 -0.5576478134415706 23 24 22
1.9351727021501137 -3.1886818301783615 -0.3393335541723036 97 93 92
2.05592741368416 -2.6626715509341574 -0.14303228830520978 123 124 125
2.046715937231597 -2.6835743872200766 -0.13338325059209868 121 118 117
1.7608834881177995 -2.7350741779255605 -0.28753246607679644 111 104 98
2.201100100263615 -2.596939836339171 0.019372152725206176 31 31 31
1.5183698304309758 -2.0844236670047587 -2.4455513399626767 154 165 182
1.5183698304309758 -2.0844236670047587 -2.4455513399626767 154 165 182
1.8537381495551142 -2.1871411897097865 -2.3175971332274834 146 155 169
0.3521513141549109 -1.9744404398298774 -2.5776060878564633 158 160 164
1.5285388920288248 -2.884240001798599 -2.3608489370424435 148 155 169
1.5285388920288248 -2.884240001798599 -2.3608489370424435 148 155 169
2.4461364708706603 -3.5064815294725493 -1.5413051952931316 82 80 90
2.417315307897479 -3.5225031355285146 -1.4768441657755855 84 81 93
2.606055217564991 -3.239384398969136 -0.971316642271647 125 117 109
2.606055217564991 -3.239384398969136 -0.971316642271647 125 117 109
2.3458035682278826 -2.7722340685753175 -0.8879677570851787 187 177 181
2.239623712389902 -3.8368946490965103 -0.7685758940749239 107 107 109
2.408107605887119 -2.499596131170146 -0.20410501598757289 74 76 76
2.215987508005966 -2.1379846289902 -0.7194719278204469 253 253 253
2.215987508005966 -2.1379846289902 -0.7194719278204469 253 253 253
1.8768299401465567 -3.3537983900872055 -0.5123582046793479 89 76 74
1.8768299401465567 -3.3537983900872055 -0.5123582046793479 89 76 74
2.2117626166771016 -2.146768775007518 -0.662323071638991 67 63 59
2.024885434612382 -3.0129431192956657 -0.2669631623414626 64 62 59
1.7393415895560982 -2.732477144838977 -0.27778273024420863 118 111 106
1.767688712278436 -2.731571948915374 -0.251056221717273 107 100 96
1.768542638894174 -2.7513548881081498 -0.23492196950591368 62 57 51
1.8865816633060613 -2.455325926010535 -0.04292825473494661 165 173 185
1.3553282487624312 -1.6819872755727652 0.17418316717271645 125 108 96
1.3383181882484065 -1.667532810180324 0.16964395147863504 130 120 112
1.3036510114226831 -1.6456299819582436 0.1657417089965025 136 124 119
1.8840763861585292 -2.1319020030000853 -2.4488351569048876 170 179 196
2.61558206754772 -3.249998763517792 -1.1018514949555949 118 121 120
-0.3458912540336887 -1.5570827889414338 -2.0247898924286427 116 118 120
2.3244561950122145 -2.758083630740243 -0.806476310411153 30 31 34
-0.5181969375254196 -1.4902653528656817 -2.078528735694573 147 155 159
-0.15064863050641142 -1.7558817190834386 -1.7324934287970262 145 161 166
2.30231088984203 -2.7696898670562162 -0.7981976592855902 65 68 72
2.251182272229859 -2.2535062422534695 -0.5222269073640506 55 58 58
2.251182272229859 -2.2535062422534695 -0.5222269073640506 55 58 58
2.2968342494133207 -3.917529534791035 -1.01685347042749 64 64 65
2.1119880464274785 -2.2861650261096194 -0.5392237794099406 148 148 148
2.1225757423511715 -3.08112297439745 -0.7241010841173562 58 55 59
2.011385104098985 -2.4625614182062345 -0.5928982667727279 122 129 138
2.011385104098985 -2.4625614182062345 -0.5928982667727279 122 129 138
1.8609346001660412 -3.7392688917474173 -1.0143937664929152 14 17 17
2.482618819116148 -2.4467372013246256 -0.9698639081244478 18 21 22
2.4758306553021705 -2.4604060372976475 -0.9525582488532526 14 17 17
2.521734661783137 -2.4490999235960684 -0.9213500934161792 63 65 65
1.7896968320727815 -3.739906207380372 -0.9983441105378286 58 61 61
1.6720149095713852 -3.75472607739253 -1.0228285727195405 16 18 17
1.563899089043457 -3.494919236401583 -0.9425692603597512 23 25 23
2.0062389014281488 -3.18312075495714 -0.5678490295105382 156 157 155
2.0062389014281488 -3.18312075495714 -0.5678490295105382 156 157 155
2.2296221296924856 -2.1375558337364824 -0.6824618923931592 182 180 175
1.914165059255481 -3.516304168253786 -0.5357375272460152 88 81 75
2.6947219475675497 -3.1205668005642315 0.07000251580058606 74 73 74
2.0984268639862167 -2.693513980218286 -0.10772540489215551 231 232 232
1.7372917674662407 -2.7470191783396483 -0.2669282099412619 73 67 63
1.7441559234684891 -2.7181540113649083 -0.242476239058257 81 78 74
1.729525247656656 -2.7683511467987088 -0.22963805627242984 121 116 110
2.2072674388281404 -2.5887939140164646 0.12713772613579222 32 30 28
-0.9041709865661022 -2.1360923064296715 -1.6504858289347835 79 75 70
-1.0137721575111234 -2.019907385517134 -1.705081117479808 87 86 82
1.8482732294687234 -2.474531929895556 -0.0009341103812342845 43 40 37
1.8502944917313062 -2.4877212811723437 0.013559859454077321 113 107 99
0.6957688861510697 -0.010210327078122706 -0.7234046203196833 24 27 29
2.675754553467895 -3.249316671037058 -1.4849285746170207 235 213 200
2.739106022755135 -3.0942815508778105 -1.3245800997586448 90 58 45
2.739106022755135 -3.0942815508778105 -1.3245800997586448 90 58 45
2.909715948746272 -2.389487199779615 -1.6201900781385674 200 188 179
2.3341014316749464 -2.1688127061553835 -0.8413712802881937 149 125 112
2.582131241313471 -2.893428354720336 -1.0721984120001478 112 117 122
2.6636080027222513 -3.2853763369814932 -1.1311618257756442 121 123 125
2.559552967604584 -3.307299863557869 -1.1405513486036754 119 120 120
2.5588930259137705 -3.3611017418635005 -1.15189353205504 80 81 80
-0.3950948434536894 -1.4658892454439443 -2.105466253884404 19 29 30
2.3383998496838814 -2.766470467164738 -0.8453338441989291 179 185 193
0.39214186295956716 0.13085964881623935 -0.8197981619553134 124 123 120
-0.3366576743739489 -1.5458309619987045 -1.9740355843844202 126 127 129
1.8502949842582856 -3.2121379036502002 -1.2569200037295523 23 24 24
2.5081398703900515 -2.3788702254141514 -0.46744457420182234 25 27 28
2.1671232197705073 -2.6695204191410795 -0.7290812643963551 168 172 176
0.39095557007916687 0.1250871813571379 -0.8087322768586782 97 96 92
2.550040559308043 -2.44505923290501 -0.9177052453578357 59 61 61
2.4628838242698055 -2.46501150669403 -0.9395511881453292 57 60 60
1.9713578208907103 -3.614150357357801 -0.5642707462955453 70 64 58
2.486424863377405 -3.465770899080273 -0.1925351118732935 55 56 55
2.514719340359622 -3.319017359304763 -0.13073855866471765 51 51 49
1.8744185865711938 -3.395561890813765 -0.51450576974113 27 19 16
2.6829772239446843 -3.1268677024017895 0.07906317539346155 51 50 50
2.0612541838148934 -2.6762263110905034 -0.15227080429795142 255 255 255
2.032925825182522 -2.625229570660511 -0.09448065463438009 75 73 71
1.7553657585764628 -2.737038048353486 -0.2614606424269642 29 26 25
1.740212274709452 -2.745805592777403 -0.25196256971619 73 71 70
1.973759833275977 -2.58290133325422 -0.08422078600541905 93 94 93
2.2410193147734407 -2.6069162920619564 0.0944630908134214 22 21 20
1.9211675373041832 -2.4956593359807284 -0.07057429438970801 255 255 255
1.9523501956945988 -2.515080052563991 -0.0523326918300777 165 171 178
2.2142645883624756 -2.5849921283940596 0.11407427910553507 71 69 67
0.532885543480009 0.03152543634133943 -0.672088747313309 53 49 49
1.8773733918224087 -2.4604998928149815 -0.021178121309163526 24 23 24
1.8899319376534556 -2.4520996237078596 -0.007547007610166276 100 91 88
1.8264402185284434 -2.4948275402892794 -0.004831674950726789 112 101 89
0.529177715535319 -0.050368040211272044 -0.5893468087745753 75 78 77
2.6703758820744765 -3.2410609947132194 -1.4864038232795693 231 210 197
2.6745204945444643 -3.1623028521208374 -1.374733368502341 86 84 90
2.814436204345835 -3.147982918505957 -1.1681690853765394 180 125 97
2.582058467180841 -3.2153288477038955 -1.1339624145128837 120 117 125
2.578276605993507 -3.2276347904941605 -1.1092192275959238 40 40 44
2.624092938200295 -2.835374030136532 -0.6836358568031699 66 64 66
2.3170542245373547 -2.7705166738676765 -0.8160541998753665 171 175 179
2.47902510240883 -2.1082807076122814 -1.2164549581036004 35 36 37
2.47902510240883 -2.1082807076122814 -1.2164549581036004 35 36 37
2.2278856434164838 -2.8822140517410926 -0.9079997896933328 103 104 105
2.1903084712754715 -2.6165556736548883 -0.7225558604684094 74 75 76
2.624329552193586 -2.4335428645617085 -0.9320507172755123 83 85 85
2.473772371638617 -2.4569729732681242 -0.9649200416890124 14 17 18
2.0056694037458596 -2.6189141311017323 -0.46555059589714093 87 88 88
2.6162224397176796 -2.5216126807981563 -0.7821897885824955 10 9 8
2.2559845809428745 -2.72619607553947 -0.2440970647192948 13 14 13
1.9423533383056575 -3.274240581609184 -0.535651868688125 139 140 139
1.9423533383056575 -3.274240581609184 -0.535651868688125 139 140 139
1.5818884488945892 -3.261289736246079 -0.6465396807961049 114 106 97
2.059805366490046 -2.8209412088975134 -0.13897818960941535 60 56 53
2.0339038270226375 -2.7083942838636332 -0.13731466392115094 173 168 163
1.7892555613818997 -2.8109925545576493 -0.2065183091707836 121 112 100
1.7092255311770548 -2.7640188603115723 -0.23432630906319546 46 36 27
1.1209112426533214 -1.6047562134851674 0.059783269926935306 166 149 135
1.3295670812220828 -1.639629528170114 0.18407019795947505 137 121 110
0.6661354568929555 -0.006604129775408462 -0.7144753925175571 34 38 39
0.6642358345811223 -0.009808957472221297 -0.7093778480892591 20 23 23
2.374235396629082 -2.7942860863384436 -0.9047266226814907 72 50 59
2.374235396629082 -2.7942860863384436 -0.9047266226814907 72 50 59
2.3412940603877863 -2.765297916098576 -0.8239788719161777 26 26 29
0.6644836350427585 -0.03392451038075549 -0.6887757518993636 63 66 66
0.5958612496844634 0.02057867316656214 -0.7037574288580292 50 53 53
0.6634604935675363 -0.03464497665015799 -0.6815420923803323 38 42 43
0.6570419484607315 -0.031634977806769556 -0.6815154443451207 68 71 72
2.421896469070693 -3.6429332657723483 -0.8529602545094745 20 19 19
2.421896469070693 -3.6429332657723483 -0.8529602545094745 20 19 19
2.261323523609261 -3.3084555397812863 -0.7976822898656207 91 90 89
2.0939834412995855 -2.320494459081971 -0.4543958790968459 55 58 58
2.8139293141176784 -2.6279086554410864 -0.8916249430745177 43 42 42
2.239472167371313 -3.9245554493911414 -0.7484271569222689 131 130 131
1.9422998019705364 -2.51255266396041 -0.5230562594186765 146 145 147
2.0450277168625766 -2.36412390157581 -0.4060000900888748 55 57 58
2.6459732211469147 -2.5622804885848565 -0.8150743773081088 48 46 43
2.360564020802224 -2.495598717493044 -0.19615755526348067 95 95 97
2.132943554825264 -2.3441477938581468 -0.27420267851531704 31 32 32
1.7450569281239456 -2.8497022420660714 -0.2597192084963305 126 114 105
2.2431402081447267 -2.933787056860941 0.039749854198124115 77 71 65
1.7322232824450896 -2.7484982096064163 -0.21079696257081207 45 39 30
1.8807671711700151 -2.683838531895172 -0.0640463014184575 123 110 97
1.9080385666760942 -2.492592909495134 -0.027793555884886925 255 255 255
1.9080385666760942 -2.492592909495134 -0.027793555884886925 255 255 255
1.8310576527311937 -2.488882911360569 0.011797798045530812 42 35 26
1.8536741889413195 -2.477819775844532 0.033658053934657456 44 37 29
1.7895796386073044 -1.4274758994601826 -0.28950108804533586 125 107 93
1.6298712263870727 -1.286859819891599 -0.23570312857575526 113 97 86
1.330232564132655 -1.9625463032673618 -0.006904760602296286 170 152 137
0.5317768350072123 -0.02614128016248829 -0.6125859265609708 24 27 27
0.6666945244584789 -0.008185967097156632 -0.7108981368910839 11 15 16
0.3864685206215892 0.13870351311628767 -0.8332971596618404 106 107 105
2.548217399144806 -3.3067187317040934 -1.1702488041907895 39 39 42
0.396402643232414 0.1275374910437273 -0.8261496680802702 38 38 37
2.346429854829541 -2.767909327472136 -0.864995623970378 167 173 180
2.4730499209042147 -2.4448276161770655 -0.5285255224824214 46 48 49
2.253146451472638 -3.0045579662438 -0.8885347461160283 79 80 81
2.522638248287665 -2.3777917196998195 -0.45382854270166245 163 168 170
2.412033774090574 -3.405526446682638 -0.8724814023105495 79 78 77
0.6453021006052629 -0.024302458161603358 -0.6814093672291712 12 14 14
2.2815667179749646 -3.332365278874053 -0.7607961038946947 37 37 38
2.4634133064665473 -2.4964564591241505 -0.2663227570224767 94 93 94
2.071882624199117 -2.3478295989147187 -0.43232400761688505 59 61 62
2.0258181320148974 -2.4075647623293985 -0.4753632405050599 25 29 30
1.998728374028158 -2.487956115905256 -0.49853167643604174 58 60 61
1.9248531161372395 -3.262876386817619 -0.4068241370145995 26 21 19
2.2102337480045064 -2.809494153330339 0.0053770988149725845 33 31 28
1.9572009554693663 -2.5209026017196 -0.074470967782408 28 29 29
1.8514981349705357 -2.7893656337593282 -0.14889318184067368 100 88 76
1.3199745817900927 -2.5447090218467214 -0.3596965127291238 132 114 100
-1.1555288450383667 -1.915255393742248 -1.7292995171020389 44 43 38
1.127588716575818 -1.9797626364987762 -0.15367993378096365 175 171 172
-0.44402718682692865 -1.7866986457885328 -0.9322485845985532 76 66 54
1.3142984477931796 -1.6567205392812079 0.15965335842771877 178 177 182
1.3142984477931796 -1.6567205392812079 0.15965335842771877 178 177 182
1.325610654030393 -1.6504036103914212 0.17359687397297252 175 174 178
0.5621765909583271 -0.09511344351818007 -0.5553287693323172 34 37 38
0.6618658701935458 -0.003979420928090592 -0.7146917208464587 4 7 7
2.403775770089858 -3.562316656797504 -1.4448577865558028 68 69 80
2.403775770089858 -3.562316656797504 -1.4448577865558028 68 69 80
0.6561126346597255 -0.014529070813955332 -0.6972589756253842 13 17 18
2.2432440416305894 -3.822239131381824 -0.8155103431246398 118 119 124
2.513511002109748 -2.4387754681174347 -0.9688507668160186 75 77 77
2.513511002109748 -2.4387754681174347 -0.9688507668160186 75 77 77
1.9791149015535239 -2.418506700585516 -0.5352494170936651 20 23 28
2.096203070609638 -2.368701336516056 -0.40395279946325185 20 23 24
-0.37332256467161234 -1.4734763087865412 -1.6838982857219018 98 97 95
0.578661344390615 -0.07695154257459351 -0.5881901729297085 137 142 144
1.311903096337085 -0.9994263288013173 -0.1294179398535318 162 144 130
1.299309971166549 -0.9923510498090836 -0.11379955274616169 136 119 107
0.3775982001472813 0.14580516469252616 -0.8484534086069363 27 32 33
0.6552068872505794 -0.004568516091520785 -0.707141583868466 53 57 58
2.558735290514906 -2.848992570335718 -0.8205056638851829 40 36 34
2.5293607113369294 -2.7119337889253976 -0.7366174136140113 72 68 71
2.279072638693131 -2.8653943628962377 -0.8393295499672164 70 70 73
2.279072638693131 -2.8653943628962377 -0.8393295499672164 70 70 73
2.22564005944872 -2.735637837254357 -0.7766681873770006 166 170 174
2.5880962818838715 -2.4305010998623526 -0.9685735312642904 10 12 11
2.1262589981983937 -2.2822129668621973 -0.3516881455292716 25 29 31
1.6237336380175111 -3.542029005347131 -0.9496508328689958 58 59 58
2.096546296582474 -2.3679059107376603 -0.35510033513995715 58 60 62
1.9978128935910113 -2.495761026573892 -0.435280853843864 21 23 22
1.9779665027276074 -2.4773621175479565 -0.3835812721275084 111 114 115
2.2138682236375926 -3.229122135760816 -0.3164837229309729 80 81 81
2.2281430844598695 -2.1583351231739876 -0.6482367955638484 40 37 32
1.8958521310070617 -2.4572573503881094 -0.05003325809446544 172 182 192
1.891257163929828 -2.6400098386696453 -0.038163822578495044 90 78 66
2.7432903222912888 -3.1385831438262604 -1.4129142014406098 219 210 193
2.668908523203707 -3.2412204219573897 -1.5200321634890972 222 210 194
2.7157505438934373 -3.0949046767715216 -1.3201547837115966 91 78 82
2.7157505438934373 -3.0949046767715216 -1.3201547837115966 91 78 82
2.5406570198665657 -3.6270308764311063 -1.6748177885646935 255 225 204
2.2534982135978803 -2.24919545552467 -0.9431482576650038 227 224 216
2.3034880391876795 -3.1540375307354678 -0.9072596732382598 83 82 83
2.0285113523067246 -2.425136657101236 -0.6127366291105125 163 168 178
1.9541962787623457 -2.6045407395693916 -0.48119925070102015 11 13 13
2.2422289911555855 -2.3923798963605476 -0.2446286753166663 16 18 20
2.28744167475745 -3.1785525447211387 -0.19587147460047416 26 25 25
2.28744167475745 -3.1785525447211387 -0.19587147460047416 26 25 25
1.7246653097525548 -2.729211265987241 -0.23817151727224967 44 41 38
1.7246653097525548 -2.729211265987241 -0.23817151727224967 44 41 38
1.5920009957475267 -1.8881240918880458 0.19801588281715168 139 120 106
2.963272121775539 -2.6955927755468325 -0.9878952164255529 173 173 177
2.3504457456085293 -2.852606061236788 -0.8546227725272152 156 158 163
2.0462102239804802 -2.354706370296385 -0.4424212092896384 55 58 59
2.0462102239804802 -2.354706370296385 -0.4424212092896384 55 58 59
2.0862979269305737 -2.452597336657332 -0.3056172597321312 10 12 10
1.846514453167112 -2.4633895597002806 0.005103471196303773 57 53 49
2.3786649157500857 -2.2429333938854774 -0.8986159937361544 213 209 205
1.79777389188206 -3.3391252830780087 -1.0483944104118679 19 22 22
2.6914350405391603 -2.8069518081374913 -0.27860936789091956 89 87 88
2.194058888019369 -2.2606607059773256 -0.3852145053016278 174 182 192
1.896163555660189 -2.4309705931921517 0.08046920636748457 137 122 108
-0.6266425007270503 -1.438305636163063 -2.042645126532714 34 38 40
2.395108901828373 -2.537698810063449 -0.2475018229016666 32 35 36
2.3235570033898267 -2.8437193696872525 -0.06789319491225332 45 43 41
2.226213693791046 -2.3534781368063777 -0.8641662908219582 28 30 29
2.1363213604943048 -2.4330909729745214 -0.6868232136112076 21 23 22
0.5407540237683707 0.03219619260776021 -0.6816293332010348 25 25 25
-0.1479278219252073 -2.274127045337324 -1.2156424930049579 79 77 72
2.7866213919491027 -2.641003087610503 -0.8782317505520482 65 65 64
-0.18379394286650208 -2.2818473726766886 -1.1903480458887166 49 46 40
1.8158192351351936 -1.506071879294218 -0.3264824536296773 158 140 125
1.7288838876360602 -1.7464185002956572 -0.47210144475520177 162 145 129
0.6016319172591018 -0.3065077274866476 -0.38268331662642985 193 199 206
-0.20711314743941545 0.1558450735215117 -0.5611252390062585 91 86 78
2.33801586125267 -2.7854408421356474 -0.8731199643382138 168 169 174
0.5378745238088616 -0.05168804925312244 -0.5930033226654381 48 51 50
0.47093109322571436 -0.1622387367367025 -0.4338490440891918 21 23 22
0.47093109322571436 -0.1622387367367025 -0.4338490440891918 21 23 22
0.5155856404813272 -0.10677412540352264 -0.5121709306432259 51 55 53
0.5226482976018245 -0.1460358910007019 -0.48048081062321457 62 64 64
2.5821312413134674 -2.8934283547203306 -1.0721984120001467 112 117 122
2.119610023912184 -2.458340719232529 -0.7161433476121076 22 23 25
0.5092983107191936 -0.11353599545435328 -0.5001378594640807 33 36 35
-0.7178808907506073 -1.0908078374265164 -1.136022126985426 153 149 147
2.76159872802505 -2.9500458745789064 -0.6978823347422675 56 57 57
2.456489360974258 -2.580371657367964 -0.31432168565458196 91 88 90
0.5162725859313252 -0.1370898903880559 -0.48360341675484564 15 17 16
0.518148037187499 -0.18908465571147784 -0.4328980352260845 177 187 197
0.45693226494887174 -0.10120762835275816 -0.49453590358787297 17 20 19
2.7576413875768093 -2.9140434790230976 -0.7123039544912776 52 53 53
0.6016319172591011 -0.3065077274866447 -0.3826833166264304 193 199 206
-2.948145512991372 -3.132156937327984 -1.3398419763455933 136 121 113
0.5257739828531298 -0.01322818389172377 -0.621851913556933 77 79 77
